"obs_n";"study_id";"study_name";"effect";"se";"t_stat";"est_agg_city";"est_agg_region";"est_agg_country";"n_obs";"regressands";"reg_df";"study_size";"years_of_schooling";"years_of_experience";"schooling_years";"schooling_levels";"wage_log_hourly";"wage_log_daily";"wage_log_monthly_annual";"data_type_survey";"data_type_national_register";"data_cross_section";"data_panel";"data_avgyear";"wage_earners";"self_employed";"gender_male";"gender_female";"white";"non_white";"ethnicity_caucasian";"ethnicity_other";"married";"unmarried";"subjects_identical_twins";"subjects_non_identical_twins";"subjects_not_twins";"country";"income_high";"income_middle";"med_exp";"min_wage";"freedom_index";"mean_age";"method_ols";"method_gls";"method_selection_fe";"method_fd";"method_fdiv";"method_IV";"instr_sibling_ed";"instr_smoking";"instr_other";"age_control";"age_sq_control";"exp_control";"ethnicity_control";"gender_control";"marriage_control";"firm_char_control";"area_control";"macro_var_control";"impact_factor";"citations";"published";"unpublished";"pub_year";"X"
1;1;"Ashenfelter & Rouse (1998)";10.2;1;10.2;1;0;0;680;5;674;22;14.03;8.34;1;0;1;0;0;1;0;0;1;1992;NA;NA;0.41;0.59;"0.92";"7.999999999999996E-2";0;1;"0.64";"0.36";1;0;0;"United States";1;0;25151;1422;0.921;38.07;0;1;0;0;0;0;0;0;0;1;1;0;1;1;0;0;0;0;3.092;908;1;0;4;"X"
2;1;"Ashenfelter & Rouse (1998)";6.6;1.8;3.66666666666667;1;0;0;680;6;673;22;14.03;8.34;1;0;1;0;0;1;0;0;1;1992;NA;NA;0.41;0.59;"0.92";"7.999999999999996E-2";0;1;"0.64";"0.36";1;0;0;"United States";1;0;25151;1422;0.921;38.07;0;1;0;0;0;0;0;0;0;1;1;0;1;1;0;0;0;0;3.092;908;1;0;4;"X"
3;1;"Ashenfelter & Rouse (1998)";9.1;2.4;3.79166666666667;1;0;0;680;6;673;22;14.03;8.34;1;0;1;0;0;1;0;0;1;1992;NA;NA;0.41;0.59;"0.92";"7.999999999999996E-2";0;1;"0.64";"0.36";1;0;0;"United States";1;0;25151;1422;0.921;38.07;0;0;1;0;0;0;0;0;0;1;1;0;1;1;0;0;0;0;3.092;908;1;0;4;"X"
4;1;"Ashenfelter & Rouse (1998)";7;1.9;3.68421052631579;1;0;0;340;1;338;22;14.03;8.34;1;0;1;0;0;1;0;0;1;1992;NA;NA;0.41;0.59;"0.92";"7.999999999999996E-2";0;1;"0.64";"0.36";1;0;0;"United States";1;0;25151;1422;0.921;38.07;0;0;0;1;0;0;0;0;0;0;0;0;0;0;0;0;0;0;3.092;908;1;0;4;"X"
5;1;"Ashenfelter & Rouse (1998)";8.8;2.5;3.52;1;0;0;340;1;338;22;14.03;8.34;1;0;1;0;0;1;0;0;1;1992;NA;NA;0.41;0.59;"0.92";"7.999999999999996E-2";0;1;"0.64";"0.36";1;0;0;"United States";1;0;25151;1422;0.921;38.07;0;0;0;0;1;0;1;0;0;0;0;0;0;0;0;0;0;0;3.092;908;1;0;4;"X"
6;1;"Ashenfelter & Rouse (1998)";11.3;1;11.3;1;0;0;666;8;657;22;14.03;8.34;1;0;1;0;0;1;0;0;1;1992;NA;NA;0.41;0.59;"0.92";"7.999999999999996E-2";0;1;"0.64";"0.36";1;0;0;"United States";1;0;25151;1422;0.921;38.07;0;1;0;0;0;0;0;0;0;1;1;0;1;1;1;0;0;1;3.092;908;1;0;4;"X"
7;1;"Ashenfelter & Rouse (1998)";7.4;1.7;4.35294117647059;1;0;0;666;9;656;22;14.03;8.34;1;0;1;0;0;1;0;0;1;1992;NA;NA;0.41;0.59;"0.92";"7.999999999999996E-2";0;1;"0.64";"0.36";1;0;0;"United States";1;0;25151;1422;0.921;38.07;0;1;0;0;0;0;0;0;0;1;1;0;1;1;1;0;0;1;3.092;908;1;0;4;"X"
8;1;"Ashenfelter & Rouse (1998)";10.6;2.2;4.81818181818182;1;0;0;666;9;656;22;14.03;8.34;1;0;1;0;0;1;0;0;1;1992;NA;NA;0.41;0.59;"0.92";"7.999999999999996E-2";0;1;"0.64";"0.36";1;0;0;"United States";1;0;25151;1422;0.921;38.07;0;0;1;0;0;0;0;0;0;1;1;0;1;1;1;0;0;1;3.092;908;1;0;4;"X"
9;1;"Ashenfelter & Rouse (1998)";7.8;1.8;4.33333333333333;1;0;0;333;4;328;22;14.03;8.34;1;0;1;0;0;1;0;0;1;1992;NA;NA;0.41;0.59;"0.92";"7.999999999999996E-2";0;1;"0.64";"0.36";1;0;0;"United States";1;0;25151;1422;0.921;38.07;0;0;0;1;0;0;0;0;0;0;0;0;0;0;1;0;0;1;3.092;908;1;0;4;"X"
10;1;"Ashenfelter & Rouse (1998)";10;2.3;4.34782608695652;1;0;0;333;4;328;22;14.03;8.34;1;0;1;0;0;1;0;0;1;1992;NA;NA;0.41;0.59;"0.92";"7.999999999999996E-2";0;1;"0.64";"0.36";1;0;0;"United States";1;0;25151;1422;0.921;38.07;0;0;0;0;1;0;1;0;0;0;0;0;0;0;1;0;0;1;3.092;908;1;0;4;"X"
11;1;"Ashenfelter & Rouse (1998)";6.6;1.8;3.66666666666667;1;0;0;395;5;389;22;14.03;8.34;1;0;1;0;0;1;0;0;1;1992;NA;NA;0.41;0.59;"0.92";"7.999999999999996E-2";0;1;"0.64";"0.36";1;0;0;"United States";1;0;25151;1422;0.921;38.07;1;0;0;0;0;0;0;0;0;1;1;0;1;1;0;0;0;0;3.092;908;1;0;4;"X"
12;1;"Ashenfelter & Rouse (1998)";6.4;1.9;3.36842105263158;1;0;0;353;5;347;22;14.03;8.34;1;0;1;0;0;1;0;0;1;1992;NA;NA;0.41;0.59;"0.92";"7.999999999999996E-2";0;1;"0.64";"0.36";1;0;0;"United States";1;0;25151;1422;0.921;38.07;1;0;0;0;0;0;0;0;0;1;1;0;1;1;0;0;0;0;3.092;908;1;0;4;"X"
13;1;"Ashenfelter & Rouse (1998)";5.8;1.9;3.05263157894737;1;0;0;342;5;336;22;14.03;8.34;1;0;1;0;0;1;0;0;1;1992;NA;NA;0.41;0.59;"0.92";"7.999999999999996E-2";0;1;"0.64";"0.36";1;0;0;"United States";1;0;25151;1422;0.921;38.07;1;0;0;0;0;0;0;0;0;1;1;0;1;1;0;0;0;0;3.092;908;1;0;4;"X"
14;1;"Ashenfelter & Rouse (1998)";6.6;1.9;3.47368421052632;1;0;0;335;5;329;22;14.03;8.34;1;0;1;0;0;1;0;0;1;1992;NA;NA;0.41;0.59;"0.92";"7.999999999999996E-2";0;1;"0.64";"0.36";1;0;0;"United States";1;0;25151;1422;0.921;38.07;1;0;0;0;0;0;0;0;0;1;1;0;1;1;0;0;0;0;3.092;908;1;0;4;"X"
15;1;"Ashenfelter & Rouse (1998)";6.7;2;3.35;1;0;0;297;5;291;22;14.03;8.34;1;0;1;0;0;1;0;0;1;1992;NA;NA;0.41;0.59;"0.92";"7.999999999999996E-2";0;1;"0.64";"0.36";1;0;0;"United States";1;0;25151;1422;0.921;38.07;1;0;0;0;0;0;0;0;0;1;1;0;1;1;0;0;0;0;3.092;908;1;0;4;"X"
16;1;"Ashenfelter & Rouse (1998)";8.9;3.3;2.6969696969697;1;0;0;52;5;46;22;14.03;8.34;1;0;1;0;0;1;0;0;1;1992;NA;NA;0.41;0.59;"0.92";"7.999999999999996E-2";0;1;"0.64";"0.36";1;0;0;"United States";1;0;25151;1422;0.921;38.07;1;0;0;0;0;0;0;0;0;1;1;0;1;1;0;0;0;0;3.092;908;1;0;4;"X"
17;1;"Ashenfelter & Rouse (1998)";8.5;2.3;3.69565217391304;1;0;0;395;4;390;22;14.03;8.34;1;0;1;0;0;1;0;0;1;1992;NA;NA;0.41;0.59;"0.92";"7.999999999999996E-2";0;1;"0.64";"0.36";1;0;0;"United States";1;0;25151;1422;0.921;38.07;0;0;0;0;1;0;1;0;0;0;0;0;0;0;1;0;0;1;3.092;908;1;0;4;"X"
18;1;"Ashenfelter & Rouse (1998)";8.6;2.5;3.44;1;0;0;353;4;348;22;14.03;8.34;1;0;1;0;0;1;0;0;1;1992;NA;NA;0.41;0.59;"0.92";"7.999999999999996E-2";0;1;"0.64";"0.36";1;0;0;"United States";1;0;25151;1422;0.921;38.07;0;0;0;0;1;0;1;0;0;0;0;0;0;0;1;0;0;1;3.092;908;1;0;4;"X"
19;1;"Ashenfelter & Rouse (1998)";7.7;2.6;2.96153846153846;1;0;0;342;4;337;22;14.03;8.34;1;0;1;0;0;1;0;0;1;1992;NA;NA;0.41;0.59;"0.92";"7.999999999999996E-2";0;1;"0.64";"0.36";1;0;0;"United States";1;0;25151;1422;0.921;38.07;0;0;0;0;1;0;1;0;0;0;0;0;0;0;1;0;0;1;3.092;908;1;0;4;"X"
20;1;"Ashenfelter & Rouse (1998)";8.3;2.5;3.32;1;0;0;335;4;330;22;14.03;8.34;1;0;1;0;0;1;0;0;1;1992;NA;NA;0.41;0.59;"0.92";"7.999999999999996E-2";0;1;"0.64";"0.36";1;0;0;"United States";1;0;25151;1422;0.921;38.07;0;0;0;0;1;0;1;0;0;0;0;0;0;0;1;0;0;1;3.092;908;1;0;4;"X"
21;1;"Ashenfelter & Rouse (1998)";8.3;2.7;3.07407407407407;1;0;0;297;4;292;22;14.03;8.34;1;0;1;0;0;1;0;0;1;1992;NA;NA;0.41;0.59;"0.92";"7.999999999999996E-2";0;1;"0.64";"0.36";1;0;0;"United States";1;0;25151;1422;0.921;38.07;0;0;0;0;1;0;1;0;0;0;0;0;0;0;1;0;0;1;3.092;908;1;0;4;"X"
22;1;"Ashenfelter & Rouse (1998)";16.3;4.7;3.46808510638298;1;0;0;52;4;47;22;14.03;8.34;1;0;1;0;0;1;0;0;1;1992;NA;NA;0.41;0.59;"0.92";"7.999999999999996E-2";0;1;"0.64";"0.36";1;0;0;"United States";1;0;25151;1422;0.921;38.07;0;0;0;0;1;0;1;0;0;0;0;0;0;0;1;0;0;1;3.092;908;1;0;4;"X"
23;2;"Ashenfelter & Krueger (1994)";8.4;1.4;6;1;0;0;298;5;292;15;14.11;16.45;1;0;1;0;0;1;0;1;0;1991;"0.85";"0.15";0.46;0.54;"0.94";"0.06";0;1;"0.45";"0.55000000000000004";1;0;0;"United States";1;0;24597;1426;0.921;36.56;1;0;0;0;0;0;0;0;0;1;1;0;1;1;0;0;0;0;3.007;1812;1;0;0;"X"
24;2;"Ashenfelter & Krueger (1994)";8.7;1.5;5.8;1;0;0;298;5;292;15;14.11;16.45;1;0;1;0;0;1;0;1;0;1991;"0.85";"0.15";0.46;0.54;"0.94";"0.06";0;1;"0.45";"0.55000000000000004";1;0;0;"United States";1;0;24597;1426;0.921;36.56;0;1;0;0;0;0;0;0;0;1;1;0;1;1;0;0;0;0;3.007;1812;1;0;0;"X"
25;2;"Ashenfelter & Krueger (1994)";8.8;1.5;5.86666666666667;1;0;0;298;6;291;15;14.11;16.45;1;0;1;0;0;1;0;1;0;1991;"0.85";"0.15";0.46;0.54;"0.94";"0.06";0;1;"0.45";"0.55000000000000004";1;0;0;"United States";1;0;24597;1426;0.921;36.56;0;1;0;0;0;0;0;0;0;1;1;0;1;1;0;0;0;0;3.007;1812;1;0;0;"X"
26;2;"Ashenfelter & Krueger (1994)";11.6;3;3.86666666666667;1;0;0;298;6;291;15;14.11;16.45;1;0;1;0;0;1;0;1;0;1991;"0.85";"0.15";0.46;0.54;"0.94";"0.06";0;1;"0.45";"0.55000000000000004";1;0;0;"United States";1;0;24597;1426;0.921;36.56;0;0;0;0;0;1;1;0;0;1;1;0;1;1;0;0;0;0;3.007;1812;1;0;0;"X"
27;2;"Ashenfelter & Krueger (1994)";9.2;2.4;3.83333333333333;1;0;0;149;1;147;15;14.11;16.45;1;0;1;0;0;1;0;1;0;1991;"0.85";"0.15";0.46;0.54;"0.94";"0.06";0;1;"0.45";"0.55000000000000004";1;0;0;"United States";1;0;24597;1426;0.921;36.56;0;0;0;1;0;0;0;0;0;0;0;0;0;0;0;0;0;0;3.007;1812;1;0;0;"X"
28;2;"Ashenfelter & Krueger (1994)";16.7;4.3;3.88372093023256;1;0;0;149;1;147;15;14.11;16.45;1;0;1;0;0;1;0;1;0;1991;"0.85";"0.15";0.46;0.54;"0.94";"0.06";0;1;"0.45";"0.55000000000000004";1;0;0;"United States";1;0;24597;1426;0.921;36.56;0;0;0;0;1;0;1;0;0;0;0;0;0;0;0;0;0;0;3.007;1812;1;0;0;"X"
29;2;"Ashenfelter & Krueger (1994)";8.7;1.5;5.8;1;0;0;298;5;292;15;14.11;16.45;1;0;1;0;0;1;0;1;0;1991;"0.85";"0.15";0.46;0.54;"0.94";"0.06";0;1;"0.45";"0.55000000000000004";1;0;0;"United States";1;0;24597;1426;0.921;36.56;1;0;0;0;0;0;0;0;0;1;1;0;1;1;0;0;0;0;3.007;1812;1;0;0;"X"
30;2;"Ashenfelter & Krueger (1994)";9.4;1.6;5.875;1;0;0;298;5;292;15;14.11;16.45;1;0;1;0;0;1;0;1;0;1991;"0.85";"0.15";0.46;0.54;"0.94";"0.06";0;1;"0.45";"0.55000000000000004";1;0;0;"United States";1;0;24597;1426;0.921;36.56;0;1;0;0;0;0;0;0;0;1;1;0;1;1;0;0;0;0;3.007;1812;1;0;0;"X"
31;2;"Ashenfelter & Krueger (1994)";9.8;1.6;6.125;1;0;0;298;6;291;15;14.11;16.45;1;0;1;0;0;1;0;1;0;1991;"0.85";"0.15";0.46;0.54;"0.94";"0.06";0;1;"0.45";"0.55000000000000004";1;0;0;"United States";1;0;24597;1426;0.921;36.56;0;1;0;0;0;0;0;0;0;1;1;0;1;1;0;0;0;0;3.007;1812;1;0;0;"X"
32;2;"Ashenfelter & Krueger (1994)";11.7;2.6;4.5;1;0;0;149;1;147;15;14.11;16.45;1;0;1;0;0;1;0;1;0;1991;"0.85";"0.15";0.46;0.54;"0.94";"0.06";0;1;"0.45";"0.55000000000000004";1;0;0;"United States";1;0;24597;1426;0.921;36.56;0;0;0;1;0;0;0;0;0;0;0;0;0;0;0;0;0;0;3.007;1812;1;0;0;"X"
33;2;"Ashenfelter & Krueger (1994)";10.5;1.6;6.5625;1;0;0;284;10;273;15;14.11;16.45;1;0;1;0;0;1;0;1;0;1991;"0.85";"0.15";0.46;0.54;"0.94";"0.06";0;1;"0.45";"0.55000000000000004";1;0;0;"United States";1;0;24597;1426;0.921;36.56;0;1;0;0;0;0;0;0;0;1;1;1;1;1;1;1;0;0;3.007;1812;1;0;0;"X"
34;2;"Ashenfelter & Krueger (1994)";10.5;1.6;6.5625;1;0;0;284;11;272;15;14.11;16.45;1;0;1;0;0;1;0;1;0;1991;"0.85";"0.15";0.46;0.54;"0.94";"0.06";0;1;"0.45";"0.55000000000000004";1;0;0;"United States";1;0;24597;1426;0.921;36.56;0;1;0;0;0;0;0;0;0;1;1;1;1;1;1;1;0;0;3.007;1812;1;0;0;"X"
35;2;"Ashenfelter & Krueger (1994)";14.7;3.4;4.32352941176471;1;0;0;284;11;272;15;14.11;16.45;1;0;1;0;0;1;0;1;0;1991;"0.85";"0.15";0.46;0.54;"0.94";"0.06";0;1;"0.45";"0.55000000000000004";1;0;0;"United States";1;0;24597;1426;0.921;36.56;0;0;0;0;0;1;1;0;0;1;1;1;1;1;1;1;0;0;3.007;1812;1;0;0;"X"
36;2;"Ashenfelter & Krueger (1994)";9.1;2.2;4.13636363636364;1;0;0;147;5;141;15;14.11;16.45;1;0;1;0;0;1;0;1;0;1991;"0.85";"0.15";0.46;0.54;"0.94";"0.06";0;1;"0.45";"0.55000000000000004";1;0;0;"United States";1;0;24597;1426;0.921;36.56;0;0;0;1;0;0;0;0;0;0;0;1;0;0;1;1;0;0;3.007;1812;1;0;0;"X"
37;2;"Ashenfelter & Krueger (1994)";17;4.1;4.14634146341463;1;0;0;147;4;142;15;14.11;16.45;1;0;1;0;0;1;0;1;0;1991;"0.85";"0.15";0.46;0.54;"0.94";"0.06";0;1;"0.45";"0.55000000000000004";1;0;0;"United States";1;0;24597;1426;0.921;36.56;0;0;0;0;1;0;1;0;0;0;0;1;0;0;1;1;0;0;3.007;1812;1;0;0;"X"
38;3;"Rouse (1999)";10.5;0.8;13.125;1;0;0;906;5;900;14;14.08;16.48;1;0;1;0;0;1;0;1;0;1993;NA;NA;0.46;0.54;"0.94";"6.0000000000000053E-2";0;1;"0.45";"0.55000000000000004";1;0;0;"United States";1;0;25687;1381;0.926;36.56;1;0;0;0;0;0;0;0;0;1;1;0;1;1;0;0;0;0;0.298;188;1;0;5;"X"
39;3;"Rouse (1999)";10.1;0.9;11.2222222222222;1;0;0;906;5;900;14;14.08;16.48;1;0;1;0;0;1;0;1;0;1993;NA;NA;0.46;0.54;"0.94";"6.0000000000000053E-2";0;1;"0.45";"0.55000000000000004";1;0;0;"United States";1;0;25687;1381;0.926;36.56;0;1;0;0;0;0;0;0;0;1;1;0;1;1;0;0;0;0;0.298;188;1;0;5;"X"
40;3;"Rouse (1999)";7.5;1.7;4.41176470588235;1;0;0;453;1;451;14;14.08;16.48;1;0;1;0;0;1;0;1;0;1993;NA;NA;0.46;0.54;"0.94";"6.0000000000000053E-2";0;1;"0.45";"0.55000000000000004";1;0;0;"United States";1;0;25687;1381;0.926;36.56;0;0;0;1;0;0;0;0;0;0;0;0;0;0;0;0;0;0;0.298;188;1;0;5;"X"
41;3;"Rouse (1999)";9.5;2.7;3.51851851851852;1;0;0;453;1;451;14;14.08;16.48;1;0;1;0;0;1;0;1;0;1993;NA;NA;0.46;0.54;"0.94";"6.0000000000000053E-2";0;1;"0.45";"0.55000000000000004";1;0;0;"United States";1;0;25687;1381;0.926;36.56;0;0;0;0;0;1;0;0;0;0;0;0;0;0;0;0;0;0;0.298;188;1;0;5;"X"
42;3;"Rouse (1999)";11.1;0.9;12.3333333333333;1;0;0;890;8;881;14;14.08;16.48;1;0;1;0;0;1;0;1;0;1993;NA;NA;0.46;0.54;"0.94";"6.0000000000000053E-2";0;1;"0.45";"0.55000000000000004";1;0;0;"United States";1;0;25687;1381;0.926;36.56;1;0;0;0;0;0;0;0;0;1;1;1;1;1;1;1;0;0;0.298;188;1;0;5;"X"
43;3;"Rouse (1999)";8.9;1.6;5.5625;1;0;0;445;4;440;14;14.08;16.48;1;0;1;0;0;1;0;1;0;1993;NA;NA;0.46;0.54;"0.94";"6.0000000000000053E-2";0;1;"0.45";"0.55000000000000004";1;0;0;"United States";1;0;25687;1381;0.926;36.56;0;0;0;1;0;0;0;0;0;0;0;1;0;0;1;1;0;0;0.298;188;1;0;5;"X"
44;3;"Rouse (1999)";11;2.7;4.07407407407407;1;0;0;445;4;440;14;14.08;16.48;1;0;1;0;0;1;0;1;0;1993;NA;NA;0.46;0.54;"0.94";"6.0000000000000053E-2";0;1;"0.45";"0.55000000000000004";1;0;0;"United States";1;0;25687;1381;0.926;36.56;0;0;0;0;0;1;0;0;0;0;0;1;0;0;1;1;0;0;0.298;188;1;0;5;"X"
45;3;"Rouse (1999)";7.1;1.6;4.4375;1;0;0;445;4;440;14;14.08;16.48;1;0;1;0;0;1;0;1;0;1993;NA;NA;0.46;0.54;"0.94";"6.0000000000000053E-2";0;1;"0.45";"0.55000000000000004";1;0;0;"United States";1;0;25687;1381;0.926;36.56;0;0;0;1;0;0;0;0;0;0;0;1;0;0;1;1;0;0;0.298;188;1;0;5;"X"
46;3;"Rouse (1999)";11.9;2.1;5.66666666666667;1;0;0;445;4;440;14;14.08;16.48;1;0;1;0;0;1;0;1;0;1993;NA;NA;0.46;0.54;"0.94";"6.0000000000000053E-2";0;1;"0.45";"0.55000000000000004";1;0;0;"United States";1;0;25687;1381;0.926;36.56;0;0;0;0;0;1;0;0;0;0;0;1;0;0;1;1;0;0;0.298;188;1;0;5;"X"
47;3;"Rouse (1999)";11.5;1;11.5;1;0;0;588;8;579;14;14.08;16.48;1;0;1;0;0;1;0;1;0;1993;NA;NA;0.46;0.54;"0.94";"6.0000000000000053E-2";0;1;"0.45";"0.55000000000000004";1;0;0;"United States";1;0;25687;1381;0.926;36.56;0;0;0;0;0;0;0;0;0;1;1;1;1;1;1;1;0;0;0.298;188;1;0;5;"X"
48;3;"Rouse (1999)";6.9;2.2;3.13636363636364;1;0;0;294;4;289;14;14.11;17.77;1;0;1;0;0;1;0;1;0;1993;NA;NA;0.41;0.59;"0.48";"0.52";0;1;"0.92";"7.999999999999996E-2";1;0;0;"United States";1;0;25687;1381;0.926;37.88;0;1;0;1;0;0;0;0;0;0;0;1;0;0;1;1;0;0;0.298;188;1;0;5;"X"
49;3;"Rouse (1999)";7.6;3.9;1.94871794871795;1;0;0;294;4;289;14;14.11;17.77;1;0;1;0;0;1;0;1;0;1993;NA;NA;0.41;0.59;"0.48";"0.52";0;1;"0.92";"7.999999999999996E-2";1;0;0;"United States";1;0;25687;1381;0.926;37.88;0;0;0;0;0;1;0;0;0;0;0;1;0;0;1;1;0;0;0.298;188;1;0;5;"X"
50;3;"Rouse (1999)";4;2.1;1.9047619047619;1;0;0;294;4;289;14;14.11;17.77;1;0;1;0;0;1;0;1;0;1993;NA;NA;0.41;0.59;"0.48";"0.52";0;1;"0.92";"7.999999999999996E-2";1;0;0;"United States";1;0;25687;1381;0.926;37.88;0;0;0;1;0;0;0;0;0;0;0;1;0;0;1;1;0;0;0.298;188;1;0;5;"X"
51;3;"Rouse (1999)";10.4;3;3.46666666666667;1;0;0;294;4;289;14;14.11;17.77;1;0;1;0;0;1;0;1;0;1993;NA;NA;0.41;0.59;"0.48";"0.52";0;1;"0.92";"7.999999999999996E-2";1;0;0;"United States";1;0;25687;1381;0.926;37.88;0;0;0;0;0;1;0;0;0;0;0;1;0;0;1;1;0;0;0.298;188;1;0;5;"X"
52;4;"Bonjour et al. (2003)";7.8;0.2;39;1;0;0;4398;3;4394;12;12.1;6.9;0;1;1;0;0;1;0;1;0;1999;"0.95199999999999996";"4.8000000000000001E-2";0;1;"0.59499999999999997";"0.40500000000000003";1;0;"0.94899999999999995";"5.1000000000000045E-2";0;0;1;"United Kingdom";1;0;23477;1423;0.924;38.9;1;0;0;0;0;0;0;0;0;1;1;0;0;0;0;0;0;0;3.007;158;1;0;9;"X"
53;4;"Bonjour et al. (2003)";7.7;1.1;7;1;0;0;428;3;424;12;13.2;11.9;0;1;1;0;0;1;0;1;0;1999;"0.95099999999999996";"4.9000000000000002E-2";0;1;"0.61299999999999999";"0.38700000000000001";1;0;"0.98299999999999998";"1.7000000000000015E-2";1;0;0;"United Kingdom";1;0;23477;1423;0.924;42.5;1;0;0;0;0;0;0;0;0;1;1;0;0;0;0;0;0;0;3.007;158;1;0;9;"X"
54;4;"Bonjour et al. (2003)";8.5;1.2;7.08333333333333;1;0;0;428;3;424;12;13.2;11.9;0;1;1;0;0;1;0;1;0;1999;"0.95099999999999996";"4.9000000000000002E-2";0;1;"0.61299999999999999";"0.38700000000000001";1;0;"0.98299999999999998";"1.7000000000000015E-2";1;0;0;"United Kingdom";1;0;23477;1423;0.924;42.5;0;0;0;0;0;1;1;0;0;1;1;0;0;0;0;0;0;0;3.007;158;1;0;9;"X"
55;4;"Bonjour et al. (2003)";3.9;2.3;1.69565217391304;1;0;0;214;1;212;12;13.2;11.9;0;1;1;0;0;1;0;1;0;1999;"0.95099999999999996";"4.9000000000000002E-2";0;1;"0.61299999999999999";"0.38700000000000001";1;0;"0.98299999999999998";"1.7000000000000015E-2";1;0;0;"United Kingdom";1;0;23477;1423;0.924;42.5;1;0;0;0;0;0;0;0;0;0;0;0;0;0;0;0;0;0;3.007;158;1;0;9;"X"
56;4;"Bonjour et al. (2003)";7.7;3.3;2.33333333333333;1;0;0;214;1;212;12;13.2;11.9;0;1;1;0;0;1;0;1;0;1999;"0.95099999999999996";"4.9000000000000002E-2";0;1;"0.61299999999999999";"0.38700000000000001";1;0;"0.98299999999999998";"1.7000000000000015E-2";1;0;0;"United Kingdom";1;0;23477;1423;0.924;42.5;0;0;0;0;0;1;1;0;0;0;0;0;0;0;0;0;0;0;3.007;158;1;0;9;"X"
57;4;"Bonjour et al. (2003)";7.2;1.1;6.54545454545454;1;0;0;374;6;367;12;13.2;11.9;0;1;1;0;0;1;0;1;0;1999;"0.95099999999999996";"4.9000000000000002E-2";0;1;"0.61299999999999999";"0.38700000000000001";1;0;"0.98299999999999998";"1.7000000000000015E-2";1;0;0;"United Kingdom";1;0;23477;1423;0.924;42.5;1;0;0;0;0;0;0;0;0;1;1;1;0;0;1;0;0;0;3.007;158;1;0;9;"X"
58;4;"Bonjour et al. (2003)";7.9;1.2;6.58333333333333;1;0;0;374;6;367;12;13.2;11.9;0;1;1;0;0;1;0;1;0;1999;"0.95099999999999996";"4.9000000000000002E-2";0;1;"0.61299999999999999";"0.38700000000000001";1;0;"0.98299999999999998";"1.7000000000000015E-2";1;0;0;"United Kingdom";1;0;23477;1423;0.924;42.5;0;0;0;0;0;1;1;0;0;1;1;1;0;0;1;0;0;0;3.007;158;1;0;9;"X"
59;4;"Bonjour et al. (2003)";3.8;2.4;1.58333333333333;1;0;0;187;4;182;12;13.2;11.9;0;1;1;0;0;1;0;1;0;1999;"0.95099999999999996";"4.9000000000000002E-2";0;1;"0.61299999999999999";"0.38700000000000001";1;0;"0.98299999999999998";"1.7000000000000015E-2";1;0;0;"United Kingdom";1;0;23477;1423;0.924;42.5;1;0;0;0;0;0;0;0;0;0;0;1;0;0;1;0;0;0;3.007;158;1;0;9;"X"
60;4;"Bonjour et al. (2003)";7.9;3.6;2.19444444444444;1;0;0;187;4;182;12;13.2;11.9;0;1;1;0;0;1;0;1;0;1999;"0.95099999999999996";"4.9000000000000002E-2";0;1;"0.61299999999999999";"0.38700000000000001";1;0;"0.98299999999999998";"1.7000000000000015E-2";1;0;0;"United Kingdom";1;0;23477;1423;0.924;42.5;0;0;0;0;0;1;1;0;0;0;0;1;0;0;1;0;0;0;3.007;158;1;0;9;"X"
61;4;"Bonjour et al. (2003)";7.7;1.1;7;1;0;0;428;3;424;12;13.2;11.9;0;1;1;0;0;1;0;1;0;1999;"0.95099999999999996";"4.9000000000000002E-2";0;1;"0.61299999999999999";"0.38700000000000001";1;0;"0.98299999999999998";"1.7000000000000015E-2";1;0;0;"United Kingdom";1;0;23477;1423;0.924;42.5;1;0;0;0;0;0;0;0;0;1;1;0;0;0;0;0;0;0;3.007;158;1;0;9;"X"
62;4;"Bonjour et al. (2003)";11;4.4;2.5;1;0;0;428;3;424;12;13.2;11.9;0;1;1;0;0;1;0;1;0;1999;"0.95099999999999996";"4.9000000000000002E-2";0;1;"0.61299999999999999";"0.38700000000000001";1;0;"0.98299999999999998";"1.7000000000000015E-2";1;0;0;"United Kingdom";1;0;23477;1423;0.924;42.5;0;0;0;0;0;1;0;1;0;1;1;0;0;0;0;0;0;0;3.007;158;1;0;9;"X"
63;4;"Bonjour et al. (2003)";10.4;4.5;2.31111111111111;1;0;0;428;3;424;12;13.2;11.9;0;1;1;0;0;1;0;1;0;1999;"0.95099999999999996";"4.9000000000000002E-2";0;1;"0.61299999999999999";"0.38700000000000001";1;0;"0.98299999999999998";"1.7000000000000015E-2";1;0;0;"United Kingdom";1;0;23477;1423;0.924;42.5;0;0;0;0;0;1;0;1;0;1;1;0;0;0;0;0;0;0;3.007;158;1;0;9;"X"
64;5;"Li et al. (2012)";6.6;0.4;16.5;0;1;0;2253;4;2248;16;12.16;14.03;1;0;0;0;1;1;0;1;0;2002;NA;NA;0.59;0.41;"0";"1";0;1;"0.64";"0.36";0.4333;0;0.5667;"China";0;1;942;131;0.293;33.77;1;0;0;0;0;0;0;0;0;1;1;0;0;1;0;0;0;0;0.767;176;1;0;18;"X"
65;5;"Li et al. (2012)";6.6;0.4;16.5;0;1;0;2253;6;2246;16;12.16;14.03;1;0;0;0;1;1;0;1;0;2002;NA;NA;0.59;0.41;"0";"1";0;1;"0.64";"0.36";0.4333;0;0.5667;"China";0;1;942;131;0.293;33.77;1;0;0;0;0;0;0;0;0;1;1;1;0;1;1;0;0;0;0.767;176;1;0;18;"X"
66;5;"Li et al. (2012)";8.3;0.6;13.8333333333333;0;1;0;976;4;971;16;12.16;14.03;1;0;0;0;1;1;0;1;0;2002;NA;NA;0.59;0.41;"0";"1";0;1;"0.64";"0.36";1;0;0;"China";0;1;942;131;0.293;33.77;1;0;0;0;0;0;0;0;0;1;1;0;0;1;0;0;0;0;0.767;176;1;0;18;"X"
67;5;"Li et al. (2012)";8.4;0.6;14;0;1;0;976;6;969;16;12.16;14.03;1;0;0;0;1;1;0;1;0;2002;NA;NA;0.59;0.41;"0";"1";0;1;"0.64";"0.36";1;0;0;"China";0;1;942;131;0.293;33.77;1;0;0;0;0;0;0;0;0;1;1;1;0;1;1;0;0;0;0.767;176;1;0;18;"X"
68;5;"Li et al. (2012)";2.5;1.5;1.66666666666667;0;1;0;976;1;974;16;12.16;14.03;1;0;0;0;1;1;0;1;0;2002;NA;NA;0.59;0.41;"0";"1";0;1;"0.64";"0.36";1;0;0;"China";0;1;942;131;0.293;33.77;0;0;1;0;0;0;0;0;0;0;0;0;0;0;0;0;0;0;0.767;176;1;0;18;"X"
69;5;"Li et al. (2012)";2.7;1.5;1.8;0;1;0;976;3;972;16;12.16;14.03;1;0;0;0;1;1;0;1;0;2002;NA;NA;0.59;0.41;"0";"1";0;1;"0.64";"0.36";1;0;0;"China";0;1;942;131;0.293;33.77;0;0;1;0;0;0;0;0;0;0;0;1;0;0;1;0;0;0;0.767;176;1;0;18;"X"
70;5;"Li et al. (2012)";2.5;1.2;2.08333333333333;0;1;0;976;5;970;16;12.16;14.03;1;0;0;0;1;1;0;1;0;2002;NA;NA;0.59;0.41;"0";"1";0;1;"0.64";"0.36";1;0;0;"China";0;1;942;131;0.293;33.77;0;1;0;0;0;0;0;0;0;1;1;0;0;1;0;0;0;0;0.767;176;1;0;18;"X"
71;5;"Li et al. (2012)";2.7;1.2;2.25;0;1;0;976;7;968;16;12.16;14.03;1;0;0;0;1;1;0;1;0;2002;NA;NA;0.59;0.41;"0";"1";0;1;"0.64";"0.36";1;0;0;"China";0;1;942;131;0.293;33.77;0;1;0;0;0;0;0;0;0;1;1;1;0;1;1;0;0;0;0.767;176;1;0;18;"X"
72;5;"Li et al. (2012)";3.2;1.9;1.68421052631579;0;1;0;976;1;974;16;12.16;14.03;1;0;0;0;1;1;0;1;0;2002;NA;NA;0.59;0.41;"0";"1";0;1;"0.64";"0.36";1;0;0;"China";0;1;942;131;0.293;33.77;0;0;0;0;1;0;1;0;0;0;0;0;0;0;0;0;0;0;0.767;176;1;0;18;"X"
73;5;"Li et al. (2012)";3.3;1.9;1.73684210526316;0;1;0;976;3;972;16;12.16;14.03;1;0;0;0;1;1;0;1;0;2002;NA;NA;0.59;0.41;"0";"1";0;1;"0.64";"0.36";1;0;0;"China";0;1;942;131;0.293;33.77;0;0;0;0;1;0;1;0;0;0;0;1;0;0;1;0;0;0;0.767;176;1;0;18;"X"
74;5;"Li et al. (2012)";3.6;1.8;2;0;1;0;976;1;974;16;12.16;14.03;1;0;0;0;1;1;0;1;0;2002;NA;NA;0.59;0.41;"0";"1";0;1;"0.64";"0.36";1;0;0;"China";0;1;942;131;0.293;33.77;0;0;0;0;1;0;1;0;0;0;0;0;0;0;0;0;0;0;0.767;176;1;0;18;"X"
75;5;"Li et al. (2012)";3.8;1.8;2.11111111111111;0;1;0;976;3;972;16;12.16;14.03;1;0;0;0;1;1;0;1;0;2002;NA;NA;0.59;0.41;"0";"1";0;1;"0.64";"0.36";1;0;0;"China";0;1;942;131;0.293;33.77;0;0;0;0;1;0;1;0;0;0;0;1;0;0;1;0;0;0;0.767;176;1;0;18;"X"
76;5;"Li et al. (2012)";8.5;0.8;10.625;0;1;0;632;6;625;16;12.16;14.03;1;0;0;0;1;1;0;1;0;2002;NA;NA;0.59;0.41;"0";"1";0;1;"0.64";"0.36";0;1;0;"China";0;1;942;131;0.293;33.77;1;0;0;0;0;0;0;0;0;1;1;1;0;1;1;0;0;0;0.767;176;1;0;18;"X"
77;5;"Li et al. (2012)";4.4;1.2;3.66666666666667;0;1;0;632;3;628;16;12.16;14.03;1;0;0;0;1;1;0;1;0;2002;NA;NA;0.59;0.41;"0";"1";0;1;"0.64";"0.36";0;1;0;"China";0;1;942;131;0.293;33.77;0;0;1;0;0;0;0;0;0;0;0;1;0;0;1;0;0;0;0.767;176;1;0;18;"X"
78;5;"Li et al. (2012)";5.4;1.7;3.17647058823529;0;1;0;632;3;628;16;12.16;14.03;1;0;0;0;1;1;0;1;0;2002;NA;NA;0.59;0.41;"0";"1";0;1;"0.64";"0.36";0;1;0;"China";0;1;942;131;0.293;33.77;0;0;0;0;1;0;1;0;0;0;0;1;0;0;1;0;0;0;0.767;176;1;0;18;"X"
79;5;"Li et al. (2012)";5.6;1.8;3.11111111111111;0;1;0;632;3;628;16;12.16;14.03;1;0;0;0;1;1;0;1;0;2002;NA;NA;0.59;0.41;"0";"1";0;1;"0.64";"0.36";0;1;0;"China";0;1;942;131;0.293;33.77;0;0;0;0;1;0;1;0;0;0;0;1;0;0;1;0;0;0;0.767;176;1;0;18;"X"
80;6;"Miller et al. (1995)";4.8;0.288288288288288;16.65;0;0;1;1204;5;1198;15;12.514;18.317;1;0;0;0;1;1;0;0;1;1981;NA;NA;0.468;0.532;NA;NA;0;1;"0.75900000000000001";"0.24099999999999999";1;0;0;"Australia";1;0;16842;1807;0.923;36.831;0;0;1;0;0;0;0;0;0;1;0;0;0;1;1;0;0;0;3.007;372;1;0;1;"X"
81;6;"Miller et al. (1995)";2.5;0.508130081300813;4.92;0;0;1;602;2;599;15;12.514;18.317;1;0;0;0;1;1;0;0;1;1981;NA;NA;0.468;0.532;NA;NA;0;1;"0.75900000000000001";"0.24099999999999999";1;0;0;"Australia";1;0;16842;1807;0.923;36.831;0;0;1;0;0;0;0;0;0;0;0;0;0;0;1;0;0;0;3.007;372;1;0;1;"X"
82;6;"Miller et al. (1995)";6;0.279850746268657;21.44;0;0;1;1176;5;1170;15;12.695;16.643;1;0;0;0;1;1;0;0;1;1981;NA;NA;0.505;0.495;NA;NA;0;1;"0.72199999999999998";"0.27800000000000002";0;1;0;"Australia";1;0;16842;1807;0.923;35.338;0;0;1;0;0;0;0;0;0;1;0;0;0;1;1;0;0;0;3.007;372;1;0;1;"X"
83;6;"Miller et al. (1995)";4.5;0.483351235230934;9.31;0;0;1;568;3;564;15;12.695;16.643;1;0;0;0;1;1;0;0;1;1981;NA;NA;0.505;0.495;NA;NA;0;1;"0.72199999999999998";"0.27800000000000002";0;1;0;"Australia";1;0;16842;1807;0.923;35.338;0;0;1;0;0;0;0;0;0;0;0;0;0;0;1;0;0;0;3.007;372;1;0;1;"X"
84;6;"Miller et al. (1995)";6.4;0.24024024024024;26.64;0;0;1;1204;4;1199;15;12.514;18.317;1;0;0;0;1;1;0;0;1;1981;NA;NA;0.468;0.532;NA;NA;0;1;"0.75900000000000001";"0.24099999999999999";1;0;0;"Australia";1;0;16842;1807;0.923;36.831;1;0;0;0;0;0;0;0;0;1;0;0;0;1;1;0;0;0;3.007;372;1;0;1;"X"
85;6;"Miller et al. (1995)";2.5;0.508130081300813;4.92;0;0;1;602;2;599;15;12.514;18.317;1;0;0;0;1;1;0;0;1;1981;NA;NA;0.468;0.532;NA;NA;0;1;"0.75900000000000001";"0.24099999999999999";1;0;0;"Australia";1;0;16842;1807;0.923;36.831;0;0;1;0;0;0;0;0;0;0;0;0;0;0;1;0;0;0;3.007;372;1;0;1;"X"
86;6;"Miller et al. (1995)";4.8;0.288288288288288;16.65;0;0;1;1204;5;1198;15;12.514;18.317;1;0;0;0;1;1;0;0;1;1981;NA;NA;0.468;0.532;NA;NA;0;1;"0.75900000000000001";"0.24099999999999999";1;0;0;"Australia";1;0;16842;1807;0.923;36.831;0;0;1;0;0;0;0;0;0;1;0;0;0;1;1;0;0;0;3.007;372;1;0;1;"X"
87;6;"Miller et al. (1995)";7.3;0.28250773993808;25.84;0;0;1;1204;5;1198;15;12.514;18.317;1;0;0;0;1;1;0;0;1;1981;NA;NA;0.468;0.532;NA;NA;0;1;"0.75900000000000001";"0.24099999999999999";1;0;0;"Australia";1;0;16842;1807;0.923;36.831;0;0;1;0;0;0;0;0;0;1;0;0;0;1;1;0;0;0;3.007;372;1;0;1;"X"
88;6;"Miller et al. (1995)";7.8;0.927467300832342;8.41;0;0;1;1204;6;1197;15;12.514;18.317;1;0;0;0;1;1;0;0;1;1981;NA;NA;0.468;0.532;NA;NA;0;1;"0.75900000000000001";"0.24099999999999999";1;0;0;"Australia";1;0;16842;1807;0.923;36.831;0;0;1;0;0;0;0;0;0;1;0;0;0;1;1;0;0;0;3.007;372;1;0;1;"X"
89;6;"Miller et al. (1995)";8.3;1.98564593301435;4.18;0;0;1;602;3;598;15;12.514;18.317;1;0;0;0;1;1;0;0;1;1981;NA;NA;0.468;0.532;NA;NA;0;1;"0.75900000000000001";"0.24099999999999999";1;0;0;"Australia";1;0;16842;1807;0.923;36.831;0;0;1;0;0;0;0;0;0;0;0;0;0;0;1;0;0;0;3.007;372;1;0;1;"X"
90;6;"Miller et al. (1995)";4.5;0.924024640657084;4.87;0;0;1;602;3;598;15;12.514;18.317;1;0;0;0;1;1;0;0;1;1981;NA;NA;0.468;0.532;NA;NA;0;1;"0.75900000000000001";"0.24099999999999999";1;0;0;"Australia";1;0;16842;1807;0.923;36.831;0;0;1;0;0;0;0;0;0;0;0;0;0;0;1;0;0;0;3.007;372;1;0;1;"X"
91;6;"Miller et al. (1995)";7.9;0.325102880658436;24.3;0;0;1;1136;5;1130;15;12.695;16.643;1;0;0;0;1;1;0;0;1;1981;NA;NA;0.505;0.495;NA;NA;0;1;"0.72199999999999998";"0.27800000000000002";0;1;0;"Australia";1;0;16842;1807;0.923;35.338;0;0;1;0;0;0;0;0;0;1;0;0;0;1;1;0;0;0;3.007;372;1;0;1;"X"
92;6;"Miller et al. (1995)";7.9;0.437673130193906;18.05;0;0;1;1136;6;1129;15;12.695;16.643;1;0;0;0;1;1;0;0;1;1981;NA;NA;0.505;0.495;NA;NA;0;1;"0.72199999999999998";"0.27800000000000002";0;1;0;"Australia";1;0;16842;1807;0.923;35.338;0;0;1;0;0;0;0;0;0;1;0;0;0;1;1;0;0;0;3.007;372;1;0;1;"X"
93;6;"Miller et al. (1995)";7.8;0.873460246360582;8.93;0;0;1;568;3;564;15;12.695;16.643;1;0;0;0;1;1;0;0;1;1981;NA;NA;0.505;0.495;NA;NA;0;1;"0.72199999999999998";"0.27800000000000002";0;1;0;"Australia";1;0;16842;1807;0.923;35.338;0;0;1;0;0;0;0;0;0;0;0;0;0;0;1;0;0;0;3.007;372;1;0;1;"X"
94;6;"Miller et al. (1995)";7.4;0.790598290598291;9.36;0;0;1;568;3;564;15;12.695;16.643;1;0;0;0;1;1;0;0;1;1981;NA;NA;0.505;0.495;NA;NA;0;1;"0.72199999999999998";"0.27800000000000002";0;1;0;"Australia";1;0;16842;1807;0.923;35.338;0;0;1;0;0;0;0;0;0;0;0;0;0;0;1;0;0;0;3.007;372;1;0;1;"X"
95;7;"Behrman et al. (1994)";5.5;0.204460966542751;26.9;0;0;1;3048;1;3046;14;14.5;30.5;1;0;0;0;1;1;0;0;1;1986;NA;NA;1;0;"1";"0";0;1;"0.84599999999999997";"0.154";0.5597;0.4403;0;"United States";1;0;22873;1435;0.919;51;0;1;0;0;0;0;0;0;0;0;0;0;0;0;0;0;0;0;1.852;616;1;0;0;"X"
96;7;"Behrman et al. (1994)";5.1;0.236111111111111;21.6;0;0;1;2588;1;2586;14;13.6;31.4;1;0;0;0;1;1;0;0;1;1986;NA;NA;1;0;"1";"0";0;1;"0.84599999999999997";"0.154";0.537;0.463;0;"United States";1;0;22873;1435;0.919;51;0;1;0;0;0;0;0;0;0;0;0;0;0;0;0;0;0;0;1.852;616;1;0;0;"X"
97;7;"Behrman et al. (1994)";4.1;0.418367346938775;9.8;0;0;1;3048;1;3046;14;14.5;30.5;1;0;0;0;1;1;0;0;1;1986;NA;NA;1;0;"1";"0";0;1;"0.84599999999999997";"0.154";0.5597;0.4403;0;"United States";1;0;22873;1435;0.919;51;0;0;1;0;0;0;0;0;0;0;0;0;0;0;0;0;0;0;1.852;616;1;0;0;"X"
98;7;"Behrman et al. (1994)";4.3;0.401869158878505;10.7;0;0;1;2588;1;2586;14;13.6;31.4;1;0;0;0;1;1;0;0;1;1986;NA;NA;1;0;"1";"0";0;1;"0.84599999999999997";"0.154";0.537;0.463;0;"United States";1;0;22873;1435;0.919;51;0;0;1;0;0;0;0;0;0;0;0;0;0;0;0;0;0;0;1.852;616;1;0;0;"X"
99;7;"Behrman et al. (1994)";7.6;0.449704142011834;16.9;0;0;1;3048;1;3046;14;14.5;30.5;1;0;0;0;1;1;0;0;1;1986;NA;NA;1;0;"1";"0";0;1;"0.84599999999999997";"0.154";0.5597;0.4403;0;"United States";1;0;22873;1435;0.919;51;0;1;0;0;0;0;0;0;0;0;0;0;0;0;0;0;0;0;1.852;616;1;0;0;"X"
100;7;"Behrman et al. (1994)";8;0.481927710843373;16.6;0;0;1;2588;1;2586;14;13.6;31.4;1;0;0;0;1;1;0;0;1;1986;NA;NA;1;0;"1";"0";0;1;"0.84599999999999997";"0.154";0.537;0.463;0;"United States";1;0;22873;1435;0.919;51;0;1;0;0;0;0;0;0;0;0;0;0;0;0;0;0;0;0;1.852;616;1;0;0;"X"
101;7;"Behrman et al. (1994)";3.1;0.704545454545454;4.4;0;0;1;3048;1;3046;14;14.5;30.5;1;0;0;0;1;1;0;0;1;1986;NA;NA;1;0;"1";"0";0;1;"0.84599999999999997";"0.154";0.5597;0.4403;0;"United States";1;0;22873;1435;0.919;51;0;0;1;0;0;0;0;0;0;0;0;0;0;0;0;0;0;0;1.852;616;1;0;0;"X"
102;7;"Behrman et al. (1994)";6.3;0.707865168539326;8.9;0;0;1;2588;1;2586;14;13.6;31.4;1;0;0;0;1;1;0;0;1;1986;NA;NA;1;0;"1";"0";0;1;"0.84599999999999997";"0.154";0.537;0.463;0;"United States";1;0;22873;1435;0.919;51;0;0;1;0;0;0;0;0;0;0;0;0;0;0;0;0;0;0;1.852;616;1;0;0;"X"
103;7;"Behrman et al. (1994)";7.1;0.236666666666667;30;0;0;1;3048;1;3046;14;14.5;30.5;1;0;0;0;1;1;0;0;1;1986;NA;NA;1;0;"1";"0";0;1;"0.84599999999999997";"0.154";0.5597;0.4403;0;"United States";1;0;22873;1435;0.919;51;0;1;0;0;0;0;0;0;0;0;0;0;0;0;0;0;0;0;1.852;616;1;0;0;"X"
104;7;"Behrman et al. (1994)";7.3;0.278625954198473;26.2;0;0;1;2588;1;2586;14;13.6;31.4;1;0;0;0;1;1;0;0;1;1986;NA;NA;1;0;"1";"0";0;1;"0.84599999999999997";"0.154";0.537;0.463;0;"United States";1;0;22873;1435;0.919;51;0;0;1;0;0;0;0;0;0;0;0;0;0;0;0;0;0;0;1.852;616;1;0;0;"X"
105;7;"Behrman et al. (1994)";9.4;1.09302325581395;8.6;0;0;1;282;1;280;14;13.6;31.4;1;0;0;0;1;1;0;0;1;1986;NA;NA;1;0;"1";"0";0;1;"0.84599999999999997";"0.154";0.537;0.463;0;"United States";1;0;22873;1435;0.919;51;0;1;0;0;0;0;0;0;0;0;0;0;0;0;0;0;0;0;1.852;616;1;0;0;"X"
106;7;"Behrman et al. (1994)";10.1;1.20238095238095;8.4;0;0;1;282;1;280;14;13.6;31.4;1;0;0;0;1;1;0;0;1;1986;NA;NA;1;0;"1";"0";0;1;"0.84599999999999997";"0.154";0.537;0.463;0;"United States";1;0;22873;1435;0.919;51;0;0;1;0;0;0;0;0;0;0;0;0;0;0;0;0;0;0;1.852;616;1;0;0;"X"
107;7;"Behrman et al. (1994)";3.5;0.448717948717949;7.8;0;0;1;282;1;280;14;13.6;31.4;1;0;0;0;1;1;0;0;1;1986;NA;NA;1;0;"1";"0";0;1;"0.84599999999999997";"0.154";0.537;0.463;0;"United States";1;0;22873;1435;0.919;51;0;0;1;0;0;0;0;0;0;0;0;0;0;0;0;0;0;0;1.852;616;1;0;0;"X"
108;7;"Behrman et al. (1994)";5;2.94117647058824;1.7;0;0;1;282;1;280;14;13.6;31.4;1;0;0;0;1;1;0;0;1;1986;NA;NA;1;0;"1";"0";0;1;"0.84599999999999997";"0.154";0.537;0.463;0;"United States";1;0;22873;1435;0.919;51;0;0;1;0;0;0;0;0;0;0;0;0;0;0;0;0;0;0;1.852;616;1;0;0;"X"
109;8;"Behrman and Rosenzweig (1999)";11.3;0.515981735159817;21.9;0;0;1;1440;3;1436;5;14.1;20.2;1;0;0;0;1;1;0;1;0;1994;NA;NA;0.344;0.656;"1";"0";0;1;NA;NA;1;0;0;"United States";1;0;26357;1346;0.928;46.8;0;1;0;0;0;0;0;0;0;1;0;0;0;1;0;0;0;0;0.298;196;1;0;5;"X"
110;8;"Behrman and Rosenzweig (1999)";11.8;0.502127659574468;23.5;0;0;1;1440;4;1435;5;14.1;20.2;1;0;0;0;1;1;0;0;1;1994;NA;NA;0.344;0.656;"1";"0";0;1;NA;NA;1;0;0;"United States";1;0;26357;1346;0.928;46.8;0;1;0;0;0;0;0;0;0;0;0;1;0;1;0;0;0;0;0.298;196;1;0;5;"X"
111;8;"Behrman and Rosenzweig (1999)";10.5;1.85840707964602;5.65;0;0;1;720;1;718;5;14.1;20.2;1;0;0;0;1;1;0;0;1;1994;NA;NA;0.344;0.656;"1";"0";0;1;NA;NA;1;0;0;"United States";1;0;26357;1346;0.928;46.8;0;0;1;0;0;0;0;0;0;0;0;0;0;0;0;0;0;0;0.298;196;1;0;5;"X"
112;8;"Behrman and Rosenzweig (1999)";10.4;1.69657422512235;6.13;0;0;1;720;3;716;5;14.1;20.2;1;0;0;0;1;1;0;0;1;1994;NA;NA;0.344;0.656;"1";"0";0;1;NA;NA;1;0;0;"United States";1;0;26357;1346;0.928;46.8;0;0;1;0;0;0;0;0;0;0;0;1;0;0;0;0;0;0;0.298;196;1;0;5;"X"
113;8;"Behrman and Rosenzweig (1999)";10.4;1.74496644295302;5.96;0;0;1;720;3;716;5;14.1;20.2;1;0;0;0;1;1;0;0;1;1994;NA;NA;0.344;0.656;"1";"0";0;1;NA;NA;1;0;0;"United States";1;0;26357;1346;0.928;46.8;0;0;1;0;0;0;0;0;0;0;0;1;0;0;0;0;0;0;0.298;196;1;0;5;"X"
114;9;"Nakamuro & Tomohiko (2012)";10;0.7;14.2857142857143;0;0;1;2257;7;2249;14;14.64;10.18;1;0;0;0;1;1;0;1;0;2012;NA;NA;0.55;0.45;"0";"1";0;1;"0.67";"0.32999999999999996";1;0;0;"Japan";1;0;19144;1210;0.639;39.43;1;0;0;0;0;0;0;0;0;1;1;1;0;1;1;0;0;0;0;18;0;1;18;"X"
115;9;"Nakamuro & Tomohiko (2012)";4.5;1.2;3.75;0;0;1;2257;4;2252;14;14.64;10.18;1;0;0;0;1;1;0;1;0;2012;NA;NA;0.55;0.45;"0";"1";0;1;"0.67";"0.32999999999999996";1;0;0;"Japan";1;0;19144;1210;0.639;39.43;0;0;1;0;0;0;0;0;0;0;0;1;0;0;1;0;0;0;0;18;0;1;18;"X"
116;9;"Nakamuro & Tomohiko (2012)";4.6;1.2;3.83333333333333;0;0;1;2257;8;2248;14;14.64;10.18;1;0;0;0;1;1;0;1;0;2012;NA;NA;0.55;0.45;"0";"1";0;1;"0.67";"0.32999999999999996";1;0;0;"Japan";1;0;19144;1210;0.639;39.43;0;1;0;0;0;0;0;0;0;1;1;1;0;1;1;0;0;0;0;18;0;1;18;"X"
117;9;"Nakamuro & Tomohiko (2012)";9.3;4.5;2.06666666666667;0;0;1;1320;4;1315;14;14.64;10.18;1;0;0;0;1;1;0;1;0;2012;NA;NA;0.55;0.45;"0";"1";0;1;"0.67";"0.32999999999999996";1;0;0;"Japan";1;0;19144;1210;0.639;39.43;0;0;0;0;1;0;0;1;0;0;0;1;0;0;1;0;0;0;0;18;0;1;18;"X"
118;9;"Nakamuro & Tomohiko (2012)";5.4;1.9;2.8421052631579;0;0;1;1390;5;1384;14;14.61;9.78;1;0;0;0;1;1;0;1;0;2012;NA;NA;0.5;0.5;"0";"1";0;1;"0.64";"0.36";0;1;0;"Japan";1;0;19144;1210;0.639;39.36;0;0;1;0;0;0;0;0;0;0;0;1;0;1;1;0;0;0;0;18;0;1;18;"X"
119;9;"Nakamuro & Tomohiko (2012)";5.1;1.8;2.83333333333333;0;0;1;1390;8;1381;14;14.61;9.78;1;0;0;0;1;1;0;1;0;2012;NA;NA;0.5;0.5;"0";"1";0;1;"0.64";"0.36";0;1;0;"Japan";1;0;19144;1210;0.639;39.36;0;1;0;0;0;0;0;0;0;1;1;1;0;1;1;0;0;0;0;18;0;1;18;"X"
120;9;"Nakamuro & Tomohiko (2012)";14.1;4.7;3;0;0;1;712;5;706;14;14.61;9.78;1;0;0;0;1;1;0;1;0;2012;NA;NA;0.5;0.5;"0";"1";0;1;"0.64";"0.36";0;1;0;"Japan";1;0;19144;1210;0.639;39.36;0;0;0;0;1;0;0;1;0;0;0;1;0;1;1;0;0;0;0;18;0;1;18;"X"
121;9;"Nakamuro & Tomohiko (2012)";8.8;0.7;12.5714285714286;0;0;1;2160;7;2152;14;14.64;10.18;1;0;0;0;1;1;0;1;0;2012;NA;NA;0.55;0.45;"0";"1";0;1;"0.67";"0.32999999999999996";1;0;0;"Japan";1;0;19144;1210;0.639;39.43;1;0;0;0;0;0;0;0;0;1;1;1;0;1;1;0;0;0;0;18;0;1;18;"X"
122;9;"Nakamuro & Tomohiko (2012)";4.5;1.2;3.75;0;0;1;2160;4;2155;14;14.64;10.18;1;0;0;0;1;1;0;1;0;2012;NA;NA;0.55;0.45;"0";"1";0;1;"0.67";"0.32999999999999996";1;0;0;"Japan";1;0;19144;1210;0.639;39.43;0;0;1;0;0;0;0;0;0;0;0;1;0;0;1;0;0;0;0;18;0;1;18;"X"
123;9;"Nakamuro & Tomohiko (2012)";4.3;1.1;3.90909090909091;0;0;1;2160;8;2151;14;14.64;10.18;1;0;0;0;1;1;0;1;0;2012;NA;NA;0.55;0.45;"0";"1";0;1;"0.67";"0.32999999999999996";1;0;0;"Japan";1;0;19144;1210;0.639;39.43;0;1;0;0;0;0;0;0;0;1;1;1;0;1;1;0;0;0;0;18;0;1;18;"X"
124;9;"Nakamuro & Tomohiko (2012)";8.3;4;2.075;0;0;1;1320;4;1315;14;14.64;10.18;1;0;0;0;1;1;0;1;0;2012;NA;NA;0.55;0.45;"0";"1";0;1;"0.67";"0.32999999999999996";1;0;0;"Japan";1;0;19144;1210;0.639;39.43;0;0;0;0;1;0;0;1;0;0;0;1;0;0;1;0;0;0;0;18;0;1;18;"X"
125;9;"Nakamuro & Tomohiko (2012)";4.5;1.9;2.36842105263158;0;0;1;1331;5;1325;14;14.61;9.78;1;0;0;0;1;1;0;1;0;2012;NA;NA;0.5;0.5;"0";"1";0;1;"0.64";"0.36";0;1;0;"Japan";1;0;19144;1210;0.639;39.36;0;0;1;0;0;0;0;0;0;0;0;1;0;1;1;0;0;0;0;18;0;1;18;"X"
126;9;"Nakamuro & Tomohiko (2012)";5.2;1.7;3.05882352941176;0;0;1;1331;8;1322;14;14.61;9.78;1;0;0;0;1;1;0;1;0;2012;NA;NA;0.5;0.5;"0";"1";0;1;"0.64";"0.36";0;1;0;"Japan";1;0;19144;1210;0.639;39.36;0;1;0;0;0;0;0;0;0;1;1;1;0;1;1;0;0;0;0;18;0;1;18;"X"
127;9;"Nakamuro & Tomohiko (2012)";12.5;4.1;3.04878048780488;0;0;1;712;5;706;14;14.61;9.78;1;0;0;0;1;1;0;1;0;2012;NA;NA;0.5;0.5;"0";"1";0;1;"0.64";"0.36";0;1;0;"Japan";1;0;19144;1210;0.639;39.36;0;0;0;0;1;0;0;1;0;0;0;1;0;1;1;0;0;0;0;18;0;1;18;"X"
128;10;"Feigenbaum & Tan (2020)";4.6;0.05;92;0;0;1;191110;1;191108;38;9.18;19.5;1;0;0;1;0;0;1;1;0;1940;"1";"0";1;0;"0.93";"6.9999999999999951E-2";0;1;"0.75";"0.25";0.101;0.101;0.798;"United States";1;0;15113;528;0.794;37.5;1;0;0;0;0;0;0;0;0;0;0;0;0;0;0;0;0;0;0.081;11;1;0;26;"X"
129;10;"Feigenbaum & Tan (2020)";5.5;0.05;110;0;0;1;191110;4;191105;38;9.18;19.5;1;0;0;1;0;0;1;1;0;1940;"1";"0";1;0;"0.93";"6.9999999999999951E-2";0;1;"0.75";"0.25";0.101;0.101;0.798;"United States";1;0;15113;528;0.794;37.5;1;0;0;0;0;0;0;0;0;1;1;0;1;0;0;0;0;0;0.081;11;1;0;26;"X"
130;10;"Feigenbaum & Tan (2020)";3.8;0.1;38;0;0;1;191110;4;191105;38;9.18;19.5;1;0;0;1;0;0;1;1;0;1940;"1";"0";1;0;"0.93";"6.9999999999999951E-2";0;1;"0.75";"0.25";0.101;0.101;0.798;"United States";1;0;15113;528;0.794;37.5;1;0;0;0;0;0;0;0;0;1;1;0;1;0;0;0;0;0;0.081;11;1;0;26;"X"
131;10;"Feigenbaum & Tan (2020)";5;0.1;50;0;0;1;38652;1;38650;38;9.63;18.5;1;0;0;1;0;0;1;1;0;1940;"1";"0";1;0;"0.96";"4.0000000000000036E-2";0;1;"0.75";"0.25";0.5;0.5;0;"United States";1;0;15113;528;0.794;36.6;1;0;0;0;0;0;0;0;0;0;0;0;0;0;0;0;0;0;0.081;11;1;0;26;"X"
132;10;"Feigenbaum & Tan (2020)";5.6;0.1;56;0;0;1;38652;4;38647;38;9.63;18.5;1;0;0;1;0;0;1;1;0;1940;"1";"0";1;0;"0.96";"4.0000000000000036E-2";0;1;"0.75";"0.25";0.5;0.5;0;"United States";1;0;15113;528;0.794;36.6;1;0;0;0;0;0;0;0;0;1;1;0;1;0;0;0;0;0;0.081;11;1;0;26;"X"
133;10;"Feigenbaum & Tan (2020)";3.6;0.2;18;0;0;1;38652;4;38647;38;9.63;18.5;1;0;0;1;0;0;1;1;0;1940;"1";"0";1;0;"0.96";"4.0000000000000036E-2";0;1;"0.75";"0.25";0.5;0.5;0;"United States";1;0;15113;528;0.794;36.6;1;0;0;0;0;0;0;0;0;1;1;0;1;0;0;0;0;0;0.081;11;1;0;26;"X"
134;10;"Feigenbaum & Tan (2020)";4.4;0.2;22;0;0;1;38652;1;38650;38;9.63;18.5;1;0;0;1;0;0;1;1;0;1940;"1";"0";1;0;"0.96";"4.0000000000000036E-2";0;1;"0.75";"0.25";0.5;0.5;0;"United States";1;0;15113;528;0.794;36.6;1;0;0;0;0;0;0;0;0;0;0;0;0;0;0;0;0;0;0.081;11;1;0;26;"X"
135;10;"Feigenbaum & Tan (2020)";3.5;0.3;11.6666666666667;0;0;1;38652;1;38650;38;9.63;18.5;1;0;0;1;0;0;1;1;0;1940;"1";"0";1;0;"0.96";"4.0000000000000036E-2";0;1;"0.75";"0.25";0.5;0.5;0;"United States";1;0;15113;528;0.794;36.6;1;0;0;0;0;0;0;0;0;0;0;0;0;0;0;0;0;0;0.081;11;1;0;26;"X"
136;10;"Feigenbaum & Tan (2020)";4.4;0.1;44;0;0;1;97100;1;97098;38;9.18;19.5;1;0;0;1;0;0;1;1;0;1940;"1";"0";1;0;"0.93";"6.9999999999999951E-2";0;1;"0.75";"0.25";0.101;0.101;0.798;"United States";1;0;15113;528;0.794;36.6;1;0;0;0;0;0;0;0;0;0;0;0;0;0;0;0;0;0;0.081;11;1;0;26;"X"
137;10;"Feigenbaum & Tan (2020)";6.1;0.1;61;0;0;1;97100;4;97095;38;9.18;19.5;1;0;0;1;0;0;1;1;0;1940;"1";"0";1;0;"0.93";"6.9999999999999951E-2";0;1;"0.75";"0.25";0.101;0.101;0.798;"United States";1;0;15113;528;0.794;36.6;1;0;0;0;0;0;0;0;0;1;1;0;1;0;0;0;0;0;0.081;11;1;0;26;"X"
138;10;"Feigenbaum & Tan (2020)";4.7;0.2;23.5;0;0;1;13094;1;13092;38;9.63;18.5;1;0;0;1;0;0;1;1;0;1940;"1";"0";1;0;"0.96";"4.0000000000000036E-2";0;1;"0.75";"0.25";0.5;0.5;0;"United States";1;0;15113;528;0.794;37.5;1;0;0;0;0;0;0;0;0;0;0;0;0;0;0;0;0;0;0.081;11;1;0;26;"X"
139;10;"Feigenbaum & Tan (2020)";6.2;0.2;31;0;0;1;13094;4;13089;38;9.63;18.5;1;0;0;1;0;0;1;1;0;1940;"1";"0";1;0;"0.96";"4.0000000000000036E-2";0;1;"0.75";"0.25";0.5;0.5;0;"United States";1;0;15113;528;0.794;37.5;1;0;0;0;0;0;0;0;0;1;1;0;1;0;0;0;0;0;0.081;11;1;0;26;"X"
140;10;"Feigenbaum & Tan (2020)";5.6;0.4;14;0;0;1;13094;1;13092;38;9.63;18.5;1;0;0;1;0;0;1;1;0;1940;"1";"0";1;0;"0.96";"4.0000000000000036E-2";0;1;"0.75";"0.25";0.5;0.5;0;"United States";1;0;15113;528;0.794;37.5;0;0;1;0;0;0;0;0;0;0;0;0;0;0;0;0;0;0;0.081;11;1;0;26;"X"
141;10;"Feigenbaum & Tan (2020)";5.3;0.2;26.5;0;0;1;8262;4;8257;38;9.63;18.5;1;0;0;1;0;0;1;1;0;1940;"1";"0";1;0;"0.96";"4.0000000000000036E-2";0;1;"0.75";"0.25";0.5;0.5;0;"United States";1;0;15113;528;0.794;37.5;1;0;0;0;0;0;0;0;0;1;1;0;1;0;0;0;0;0;0.081;11;1;0;26;"X"
142;10;"Feigenbaum & Tan (2020)";4.1;0.5;8.2;0;0;1;8262;1;8260;38;9.63;18.5;1;0;0;1;0;0;1;1;0;1940;"1";"0";1;0;"0.96";"4.0000000000000036E-2";0;1;"0.75";"0.25";0.5;0.5;0;"United States";1;0;15113;528;0.794;37.5;0;0;1;0;0;0;0;0;0;0;0;0;0;0;0;0;0;0;0.081;11;1;0;26;"X"
143;10;"Feigenbaum & Tan (2020)";6.3;0.5;12.6;0;0;1;1644;4;1639;38;9.63;18.5;1;0;0;1;0;0;1;1;0;1940;"1";"0";1;0;"0.96";"4.0000000000000036E-2";0;1;"0.75";"0.25";0.5;0.5;0;"United States";1;0;15113;528;0.794;37.5;1;0;0;0;0;0;0;0;0;1;1;0;1;0;0;0;0;0;0.081;11;1;0;26;"X"
144;10;"Feigenbaum & Tan (2020)";4.5;1;4.5;0;0;1;1644;1;1642;38;9.63;18.5;1;0;0;1;0;0;1;1;0;1940;"1";"0";1;0;"0.96";"4.0000000000000036E-2";0;1;"0.75";"0.25";0.5;0.5;0;"United States";1;0;15113;528;0.794;37.5;0;0;1;0;0;0;0;0;0;0;0;0;0;0;0;0;0;0;0.081;11;1;0;26;"X"
145;10;"Feigenbaum & Tan (2020)";5.7;0.9;6.33333333333333;0;0;1;312;4;307;38;9.63;18.5;1;0;0;1;0;0;1;1;0;1940;"1";"0";1;0;"0.96";"4.0000000000000036E-2";0;1;"0.75";"0.25";0.5;0.5;0;"United States";1;0;15113;528;0.794;37.5;1;0;0;0;0;0;0;0;0;1;1;0;1;0;0;0;0;0;0.081;11;1;0;26;"X"
146;10;"Feigenbaum & Tan (2020)";5.3;2.6;2.03846153846154;0;0;1;312;1;310;38;9.63;18.5;1;0;0;1;0;0;1;1;0;1940;"1";"0";1;0;"0.96";"4.0000000000000036E-2";0;1;"0.75";"0.25";0.5;0.5;0;"United States";1;0;15113;528;0.794;37.5;0;0;1;0;0;0;0;0;0;0;0;0;0;0;0;0;0;0;0.081;11;1;0;26;"X"
147;10;"Feigenbaum & Tan (2020)";4.4;0.2;22;0;0;1;38652;1;38650;38;9.63;18.5;1;0;0;1;0;0;1;1;0;1940;"1";"0";1;0;"0.96";"4.0000000000000036E-2";0;1;"0.75";"0.25";0.5;0.5;0;"United States";1;0;15113;528;0.794;37.5;0;0;1;0;0;0;0;0;0;1;1;0;1;0;0;0;0;0;0.081;11;1;0;26;"X"
148;10;"Feigenbaum & Tan (2020)";3;0.2;15;0;0;1;38652;1;38650;38;9.63;18.5;1;0;0;1;0;0;1;1;0;1940;"1";"0";1;0;"0.96";"4.0000000000000036E-2";0;1;"0.75";"0.25";0.5;0.5;0;"United States";1;0;15113;528;0.794;37.5;0;0;1;0;0;0;0;0;0;1;1;0;1;0;0;0;0;0;0.081;11;1;0;26;"X"
149;10;"Feigenbaum & Tan (2020)";2.9;0.2;14.5;0;0;1;38652;1;38650;38;9.63;18.5;1;0;0;1;0;0;1;1;0;1940;"1";"0";1;0;"0.96";"4.0000000000000036E-2";0;1;"0.75";"0.25";0.5;0.5;0;"United States";1;0;15113;528;0.794;37.5;0;0;1;0;0;0;0;0;0;1;1;0;1;0;0;0;0;0;0.081;11;1;0;26;"X"
150;10;"Feigenbaum & Tan (2020)";2.8;0.2;14;0;0;1;38652;1;38650;38;9.63;18.5;1;0;0;1;0;0;1;1;0;1940;"1";"0";1;0;"0.96";"4.0000000000000036E-2";0;1;"0.75";"0.25";0.5;0.5;0;"United States";1;0;15113;528;0.794;37.5;0;0;1;0;0;0;0;0;0;1;1;0;1;0;0;0;0;0;0.081;11;1;0;26;"X"
151;10;"Feigenbaum & Tan (2020)";1.9;0.1;19;0;0;1;38652;1;38650;38;9.63;18.5;1;0;0;1;0;0;1;1;0;1940;"1";"0";1;0;"0.96";"4.0000000000000036E-2";0;1;"0.75";"0.25";0.5;0.5;0;"United States";1;0;15113;528;0.794;37.5;0;0;1;0;0;0;0;0;0;0;0;0;0;0;0;0;0;0;0.081;11;1;0;26;"X"
152;10;"Feigenbaum & Tan (2020)";4.9;0.2;24.5;0;0;1;10189;4;10184;38;9.63;18.5;1;0;0;1;0;0;1;1;0;1940;"1";"0";1;0;"0.96";"4.0000000000000036E-2";0;1;"0.75";"0.25";0.5;0.5;0;"United States";1;0;15113;528;0.794;37.5;1;0;0;0;0;0;0;0;0;1;1;0;1;0;0;0;0;0;0.081;11;1;0;26;"X"
153;10;"Feigenbaum & Tan (2020)";4.9;0.4;12.25;0;0;1;10189;1;10187;38;9.63;18.5;1;0;0;1;0;0;1;1;0;1940;"1";"0";1;0;"0.96";"4.0000000000000036E-2";0;1;"0.75";"0.25";0.5;0.5;0;"United States";1;0;15113;528;0.794;37.5;0;0;1;0;0;0;0;0;0;0;0;0;0;0;0;0;0;0;0.081;11;1;0;26;"X"
154;10;"Feigenbaum & Tan (2020)";4.3;0.1;43;0;0;1;25468;4;25463;38;9.63;18.5;1;0;0;1;0;0;1;1;0;1940;"1";"0";1;0;"0.96";"4.0000000000000036E-2";0;1;"0.75";"0.25";0.5;0.5;0;"United States";1;0;15113;528;0.794;37.5;1;0;0;0;0;0;0;0;0;1;1;0;1;0;0;0;0;0;0.081;11;1;0;26;"X"
155;10;"Feigenbaum & Tan (2020)";4.1;0.3;13.6666666666667;0;0;1;25468;1;25466;38;9.63;18.5;1;0;0;1;0;0;1;1;0;1940;"1";"0";1;0;"0.96";"4.0000000000000036E-2";0;1;"0.75";"0.25";0.5;0.5;0;"United States";1;0;15113;528;0.794;37.5;0;0;1;0;0;0;0;0;0;0;0;0;0;0;0;0;0;0;0.081;11;1;0;26;"X"
156;10;"Feigenbaum & Tan (2020)";4.5;0.2;22.5;0;0;1;12950;4;12945;38;9.63;18.5;1;0;0;1;0;0;1;1;0;1940;"1";"0";1;0;"0.96";"4.0000000000000036E-2";0;1;"0.75";"0.25";0.5;0.5;0;"United States";1;0;15113;528;0.794;37.5;1;0;0;0;0;0;0;0;0;1;1;0;1;0;0;0;0;0;0.081;11;1;0;26;"X"
157;10;"Feigenbaum & Tan (2020)";4.4;0.4;11;0;0;1;12950;1;12948;38;9.63;18.5;1;0;0;1;0;0;1;1;0;1940;"1";"0";1;0;"0.96";"4.0000000000000036E-2";0;1;"0.75";"0.25";0.5;0.5;0;"United States";1;0;15113;528;0.794;37.5;0;0;1;0;0;0;0;0;0;0;0;0;0;0;0;0;0;0;0.081;11;1;0;26;"X"
158;10;"Feigenbaum & Tan (2020)";4;0.2;20;0;0;1;12518;4;12513;38;9.63;18.5;1;0;0;1;0;0;1;1;0;1940;"1";"0";1;0;"0.96";"4.0000000000000036E-2";0;1;"0.75";"0.25";0.5;0.5;0;"United States";1;0;15113;528;0.794;37.5;1;0;0;0;0;0;0;0;0;1;1;0;1;0;0;0;0;0;0.081;11;1;0;26;"X"
159;10;"Feigenbaum & Tan (2020)";3.9;0.4;9.75;0;0;1;12518;1;12516;38;9.63;18.5;1;0;0;1;0;0;1;1;0;1940;"1";"0";1;0;"0.96";"4.0000000000000036E-2";0;1;"0.75";"0.25";0.5;0.5;0;"United States";1;0;15113;528;0.794;37.5;0;0;1;0;0;0;0;0;0;0;0;0;0;0;0;0;0;0;0.081;11;1;0;26;"X"
160;10;"Feigenbaum & Tan (2020)";5.5;0.2;27.5;0;0;1;14493;4;14488;38;9.63;18.5;1;0;0;1;0;0;1;1;0;1940;"1";"0";1;0;"0.96";"4.0000000000000036E-2";0;1;"0.75";"0.25";0.5;0.5;0;"United States";1;0;15113;528;0.794;37.5;1;0;0;0;0;0;0;0;0;1;1;0;1;0;0;0;0;0;0.081;11;1;0;26;"X"
161;10;"Feigenbaum & Tan (2020)";5;0.3;16.6666666666667;0;0;1;14493;1;14491;38;9.63;18.5;1;0;0;1;0;0;1;1;0;1940;"1";"0";1;0;"0.96";"4.0000000000000036E-2";0;1;"0.75";"0.25";0.5;0.5;0;"United States";1;0;15113;528;0.794;37.5;0;0;1;0;0;0;0;0;0;0;0;0;0;0;0;0;0;0;0.081;11;1;0;26;"X"
162;10;"Feigenbaum & Tan (2020)";4.4;0.2;22;0;0;1;7154;4;7149;38;9.63;18.5;1;0;0;1;0;0;1;1;0;1940;"1";"0";1;0;"0.96";"4.0000000000000036E-2";0;1;"0.75";"0.25";0.5;0.5;0;"United States";1;0;15113;528;0.794;37.5;1;0;0;0;0;0;0;0;0;1;1;0;1;0;0;0;0;0;0.081;11;1;0;26;"X"
163;10;"Feigenbaum & Tan (2020)";4.3;0.5;8.6;0;0;1;7154;1;7152;38;9.63;18.5;1;0;0;1;0;0;1;1;0;1940;"1";"0";1;0;"0.96";"4.0000000000000036E-2";0;1;"0.75";"0.25";0.5;0.5;0;"United States";1;0;15113;528;0.794;37.5;0;0;1;0;0;0;0;0;0;0;0;0;0;0;0;0;0;0;0.081;11;1;0;26;"X"
164;10;"Feigenbaum & Tan (2020)";3.8;0.2;19;0;0;1;11369;4;11364;38;9.63;18.5;1;0;0;1;0;0;1;1;0;1940;"1";"0";1;0;"0.96";"4.0000000000000036E-2";0;1;"0.75";"0.25";0.5;0.5;0;"United States";1;0;15113;528;0.794;37.5;1;0;0;0;0;0;0;0;0;1;1;0;1;0;0;0;0;0;0.081;11;1;0;26;"X"
165;10;"Feigenbaum & Tan (2020)";3.6;0.4;9;0;0;1;11369;1;11367;38;9.63;18.5;1;0;0;1;0;0;1;1;0;1940;"1";"0";1;0;"0.96";"4.0000000000000036E-2";0;1;"0.75";"0.25";0.5;0.5;0;"United States";1;0;15113;528;0.794;37.5;0;0;1;0;0;0;0;0;0;0;0;0;0;0;0;0;0;0;0.081;11;1;0;26;"X"
166;11;"Ning (2005)";6.7;0.400957510472771;16.71;1;0;0;2253;9;2243;36;11.94707;18.74519;1;0;0;0;1;1;0;1;0;2002;NA;NA;0.5278;0.4722;"0";"1";0;1;"0.81596000000000002";"0.18403999999999998";0.443;0;0.557;"China";0;1;942;131;0.293;39.50893;1;0;0;0;0;0;0;0;0;1;1;0;0;1;0;0;0;0;0;1;0;1;11;"X"
167;11;"Ning (2005)";6.7;0.396215257244234;16.91;1;0;0;2253;11;2241;36;11.94707;18.74519;1;0;0;0;1;1;0;1;0;2002;NA;NA;0.5278;0.4722;"0";"1";0;1;"0.81596000000000002";"0.18403999999999998";0.443;0;0.557;"China";0;1;942;131;0.293;39.50893;1;0;0;0;0;0;0;0;0;1;1;1;0;1;1;0;0;0;0;1;0;1;11;"X"
168;11;"Ning (2005)";8.2;0.592057761732852;13.85;1;0;0;976;9;966;36;12.22;15.03;1;0;0;0;1;1;0;1;0;2002;NA;NA;0.5963;0.4037;"0";"1";0;1;"0.66";"0.33999999999999997";1;0;0;"China";0;1;942;131;0.293;34.78;1;0;0;0;0;0;0;0;0;1;1;0;0;1;0;0;0;0;0;1;0;1;11;"X"
169;11;"Ning (2005)";2.5;1.48809523809524;1.68;1;0;0;976;1;974;36;12.22;15.03;1;0;0;0;1;1;0;1;0;2002;NA;NA;0.5963;0.4037;"0";"1";0;1;"0.66";"0.33999999999999997";1;0;0;"China";0;1;942;131;0.293;34.78;0;0;1;0;0;0;0;0;0;0;0;0;0;0;0;0;0;0;0;1;0;1;11;"X"
170;11;"Ning (2005)";8.4;0.594059405940594;14.14;1;0;0;976;11;964;36;12.22;15.03;1;0;0;0;1;1;0;1;0;2002;NA;NA;0.5963;0.4037;"0";"1";0;1;"0.66";"0.33999999999999997";1;0;0;"China";0;1;942;131;0.293;34.78;1;0;0;0;0;0;0;0;0;1;1;1;0;1;1;0;0;0;0;1;0;1;11;"X"
171;11;"Ning (2005)";2.7;1.44385026737968;1.87;1;0;0;976;3;972;36;12.22;15.03;1;0;0;0;1;1;0;1;0;2002;NA;NA;0.5963;0.4037;"0";"1";0;1;"0.66";"0.33999999999999997";1;0;0;"China";0;1;942;131;0.293;34.78;0;0;1;0;0;0;0;0;0;0;0;1;0;0;1;0;0;0;0;1;0;1;11;"X"
172;11;"Ning (2005)";8.7;0.66412213740458;13.1;1;0;0;976;9;966;36;12.22;15.03;1;0;0;0;1;1;0;1;0;2002;NA;NA;0.5963;0.4037;"0";"1";0;1;"0.66";"0.33999999999999997";1;0;0;"China";0;1;942;131;0.293;34.78;0;0;0;0;0;1;0;1;0;1;1;0;0;1;0;0;0;0;0;1;0;1;11;"X"
173;11;"Ning (2005)";3.2;1.93939393939394;1.65;1;0;0;976;1;974;36;12.22;15.03;1;0;0;0;1;1;0;1;0;2002;NA;NA;0.5963;0.4037;"0";"1";0;1;"0.66";"0.33999999999999997";1;0;0;"China";0;1;942;131;0.293;34.78;0;0;0;0;0;1;0;1;0;0;0;0;0;0;0;0;0;0;0;1;0;1;11;"X"
174;11;"Ning (2005)";8.8;0.658682634730539;13.36;1;0;0;976;11;964;36;12.22;15.03;1;0;0;0;1;1;0;1;0;2002;NA;NA;0.5963;0.4037;"0";"1";0;1;"0.66";"0.33999999999999997";1;0;0;"China";0;1;942;131;0.293;34.78;0;0;0;0;0;1;0;1;0;1;1;1;0;1;1;0;0;0;0;1;0;1;11;"X"
175;11;"Ning (2005)";3.3;1.86440677966102;1.77;1;0;0;976;3;972;36;12.22;15.03;1;0;0;0;1;1;0;1;0;2002;NA;NA;0.5963;0.4037;"0";"1";0;1;"0.66";"0.33999999999999997";1;0;0;"China";0;1;942;131;0.293;34.78;0;0;0;0;0;1;0;1;0;0;0;1;0;0;1;0;0;0;0;1;0;1;11;"X"
176;11;"Ning (2005)";6.4;0.531120331950207;12.05;1;0;0;1189;9;1179;36;11.96961;18.43837;1;0;0;0;1;1;0;1;0;2002;NA;NA;1;0;"0";"1";0;1;"0.80308000000000002";"0.19691999999999998";0.489;0;0.511;"China";0;1;942;131;0.293;39.11839;1;0;0;0;0;0;0;0;0;1;1;0;0;1;0;0;0;0;0;1;0;1;11;"X"
177;11;"Ning (2005)";6.6;0.537459283387622;12.28;1;0;0;1189;11;1177;36;11.96961;18.43837;1;0;0;0;1;1;0;1;0;2002;NA;NA;1;0;"0";"1";0;1;"0.80308000000000002";"0.19691999999999998";0.489;0;0.511;"China";0;1;942;131;0.293;39.11839;1;0;0;0;0;0;0;0;0;1;1;1;0;1;1;0;0;0;0;1;0;1;11;"X"
178;11;"Ning (2005)";7.5;0.805585392051557;9.31;1;0;0;582;9;572;36;12.22;15.03;1;0;0;0;1;1;0;1;0;2002;NA;NA;1;0;"0";"1";0;1;"0.66";"0.33999999999999997";1;0;0;"China";0;1;942;131;0.293;34.78;1;0;0;0;0;0;0;0;0;1;1;0;0;1;0;0;0;0;0;1;0;1;11;"X"
179;11;"Ning (2005)";1.2;1.93548387096774;0.62;1;0;0;582;1;580;36;12.22;15.03;1;0;0;0;1;1;0;1;0;2002;NA;NA;1;0;"0";"1";0;1;"0.66";"0.33999999999999997";1;0;0;"China";0;1;942;131;0.293;34.78;0;0;1;0;0;0;0;0;0;0;0;0;0;0;0;0;0;0;0;1;0;1;11;"X"
180;11;"Ning (2005)";7.6;0.807651434643996;9.41;1;0;0;582;11;570;36;12.22;15.03;1;0;0;0;1;1;0;1;0;2002;NA;NA;1;0;"0";"1";0;1;"0.66";"0.33999999999999997";1;0;0;"China";0;1;942;131;0.293;34.78;1;0;0;0;0;0;0;0;0;1;1;1;0;1;1;0;0;0;0;1;0;1;11;"X"
181;11;"Ning (2005)";1.5;1.94805194805195;0.77;1;0;0;582;3;578;36;12.22;15.03;1;0;0;0;1;1;0;1;0;2002;NA;NA;1;0;"0";"1";0;1;"0.66";"0.33999999999999997";1;0;0;"China";0;1;942;131;0.293;34.78;0;0;1;0;0;0;0;0;0;0;0;1;0;0;1;0;0;0;0;1;0;1;11;"X"
182;11;"Ning (2005)";7.5;0.816993464052288;9.18;1;0;0;582;9;572;36;12.22;15.03;1;0;0;0;1;1;0;1;0;2002;NA;NA;1;0;"0";"1";0;1;"0.66";"0.33999999999999997";1;0;0;"China";0;1;942;131;0.293;34.78;0;0;0;0;0;1;0;1;0;1;1;0;0;1;0;0;0;0;0;1;0;1;11;"X"
183;11;"Ning (2005)";1.1;2.03703703703704;0.54;1;0;0;582;1;580;36;12.22;15.03;1;0;0;0;1;1;0;1;0;2002;NA;NA;1;0;"0";"1";0;1;"0.66";"0.33999999999999997";1;0;0;"China";0;1;942;131;0.293;34.78;0;0;0;0;0;1;0;1;0;0;0;0;0;0;0;0;0;0;0;1;0;1;11;"X"
184;11;"Ning (2005)";7.6;0.807651434643996;9.41;1;0;0;582;11;570;36;12.22;15.03;1;0;0;0;1;1;0;1;0;2002;NA;NA;1;0;"0";"1";0;1;"0.66";"0.33999999999999997";1;0;0;"China";0;1;942;131;0.293;34.78;0;0;0;0;0;1;0;1;0;1;1;1;0;1;1;0;0;0;0;1;0;1;11;"X"
185;11;"Ning (2005)";1.4;2.05882352941176;0.68;1;0;0;582;3;578;36;12.22;15.03;1;0;0;0;1;1;0;1;0;2002;NA;NA;1;0;"0";"1";0;1;"0.66";"0.33999999999999997";1;0;0;"China";0;1;942;131;0.293;34.78;0;0;0;0;0;1;0;1;0;0;0;1;0;0;1;0;0;0;0;1;0;1;11;"X"
186;11;"Ning (2005)";7;0.622222222222222;11.25;1;0;0;1064;9;1054;36;11.9113;19.2321;1;0;0;0;1;1;0;1;0;2002;NA;NA;0;1;"0";"1";0;1;"0.83639999999999992";"0.16360000000000008";0.37;0;0.63;"China";0;1;942;131;0.293;40.1287;1;0;0;0;0;0;0;0;0;1;1;0;0;1;0;0;0;0;0;1;0;1;11;"X"
187;11;"Ning (2005)";6.9;0.618834080717489;11.15;1;0;0;1064;11;1052;36;11.9113;19.2321;1;0;0;0;1;1;0;1;0;2002;NA;NA;0;1;"0";"1";0;1;"0.83639999999999992";"0.16360000000000008";0.37;0;0.63;"China";0;1;942;131;0.293;40.1287;1;0;0;0;0;0;0;0;0;1;1;1;0;1;1;0;0;0;0;1;0;1;11;"X"
188;11;"Ning (2005)";9.6;0.897196261682243;10.7;1;0;0;394;9;384;36;12.22;15.03;1;0;0;0;1;1;0;1;0;2002;NA;NA;0;1;"0";"1";0;1;"0.66";"0.33999999999999997";1;0;0;"China";0;1;942;131;0.293;34.78;1;0;0;0;0;0;0;0;0;1;1;0;0;1;0;0;0;0;0;1;0;1;11;"X"
189;11;"Ning (2005)";4.5;2.16346153846154;2.08;1;0;0;394;1;392;36;12.22;15.03;1;0;0;0;1;1;0;1;0;2002;NA;NA;0;1;"0";"1";0;1;"0.66";"0.33999999999999997";1;0;0;"China";0;1;942;131;0.293;34.78;0;0;1;0;0;0;0;0;0;0;0;0;0;0;0;0;0;0;0;1;0;1;11;"X"
190;11;"Ning (2005)";9.6;0.875113947128532;10.97;1;0;0;394;11;382;36;12.22;15.03;1;0;0;0;1;1;0;1;0;2002;NA;NA;0;1;"0";"1";0;1;"0.66";"0.33999999999999997";1;0;0;"China";0;1;942;131;0.293;34.78;1;0;0;0;0;0;0;0;0;1;1;1;0;1;1;0;0;0;0;1;0;1;11;"X"
191;11;"Ning (2005)";4.5;2.20588235294118;2.04;1;0;0;394;3;390;36;12.22;15.03;1;0;0;0;1;1;0;1;0;2002;NA;NA;0;1;"0";"1";0;1;"0.66";"0.33999999999999997";1;0;0;"China";0;1;942;131;0.293;34.78;0;0;1;0;0;0;0;0;0;0;0;1;0;0;1;0;0;0;0;1;0;1;11;"X"
192;11;"Ning (2005)";10.8;1.15138592750533;9.38;1;0;0;394;9;384;36;12.22;15.03;1;0;0;0;1;1;0;1;0;2002;NA;NA;0;1;"0";"1";0;1;"0.66";"0.33999999999999997";1;0;0;"China";0;1;942;131;0.293;34.78;0;0;0;0;0;1;0;1;0;1;1;0;0;1;0;0;0;0;0;1;0;1;11;"X"
193;11;"Ning (2005)";7.5;3.76884422110553;1.99;1;0;0;394;1;392;36;12.22;15.03;1;0;0;0;1;1;0;1;0;2002;NA;NA;0;1;"0";"1";0;1;"0.66";"0.33999999999999997";1;0;0;"China";0;1;942;131;0.293;34.78;0;0;0;0;0;1;0;1;0;0;0;0;0;0;0;0;0;0;0;1;0;1;11;"X"
194;11;"Ning (2005)";10.8;1.16254036598493;9.29;1;0;0;394;11;382;36;12.22;15.03;1;0;0;0;1;1;0;1;0;2002;NA;NA;0;1;"0";"1";0;1;"0.66";"0.33999999999999997";1;0;0;"China";0;1;942;131;0.293;34.78;0;0;0;0;0;1;0;1;0;1;1;1;0;1;1;0;0;0;0;1;0;1;11;"X"
195;11;"Ning (2005)";7.1;3.73684210526316;1.9;1;0;0;394;3;390;36;12.22;15.03;1;0;0;0;1;1;0;1;0;2002;NA;NA;0;1;"0";"1";0;1;"0.66";"0.33999999999999997";1;0;0;"China";0;1;942;131;0.293;34.78;0;0;0;0;0;1;0;1;0;0;0;1;0;0;1;0;0;0;0;1;0;1;11;"X"
196;11;"Ning (2005)";7.6;0.619396903015485;12.27;1;0;0;488;9;478;36;12.22;15.03;1;0;0;0;1;1;0;1;0;2002;NA;NA;0;1;"0";"1";0;1;"0.66";"0.33999999999999997";1;0;0;"China";0;1;942;131;0.293;34.78;0;1;0;0;0;0;0;0;0;1;1;0;0;1;0;0;0;0;0;1;0;1;11;"X"
197;11;"Ning (2005)";2.5;1.21359223300971;2.06;1;0;0;488;10;477;36;12.22;15.03;1;0;0;0;1;1;0;1;0;2002;NA;NA;0;1;"0";"1";0;1;"0.66";"0.33999999999999997";1;0;0;"China";0;1;942;131;0.293;34.78;0;1;0;0;0;0;0;0;0;1;1;0;0;1;0;0;0;0;0;1;0;1;11;"X"
198;11;"Ning (2005)";2.2;1.16402116402116;1.89;1;0;0;488;10;477;36;12.22;15.03;1;0;0;0;1;1;0;1;0;2002;NA;NA;0;1;"0";"1";0;1;"0.66";"0.33999999999999997";1;0;0;"China";0;1;942;131;0.293;34.78;0;0;0;0;0;1;1;0;0;1;1;0;0;1;0;0;0;0;0;1;0;1;11;"X"
199;11;"Ning (2005)";7.7;0.619469026548673;12.43;1;0;0;488;11;476;36;12.22;15.03;1;0;0;0;1;1;0;1;0;2002;NA;NA;0;1;"0";"1";0;1;"0.66";"0.33999999999999997";1;0;0;"China";0;1;942;131;0.293;34.78;0;1;0;0;0;0;0;0;0;1;1;1;0;1;1;0;0;0;0;1;0;1;11;"X"
200;11;"Ning (2005)";2.7;1.21621621621622;2.22;1;0;0;488;11;476;36;12.22;15.03;1;0;0;0;1;1;0;1;0;2002;NA;NA;0;1;"0";"1";0;1;"0.66";"0.33999999999999997";1;0;0;"China";0;1;942;131;0.293;34.78;0;1;0;0;0;0;0;0;0;1;1;1;0;1;1;0;0;0;0;1;0;1;11;"X"
201;11;"Ning (2005)";2.3;1.16161616161616;1.98;1;0;0;488;11;476;36;12.22;15.03;1;0;0;0;1;1;0;1;0;2002;NA;NA;0;1;"0";"1";0;1;"0.66";"0.33999999999999997";1;0;0;"China";0;1;942;131;0.293;34.78;0;0;0;0;0;1;1;0;0;1;1;1;0;1;1;0;0;0;0;1;0;1;11;"X"
202;12;"Miller et al. (2004)";6.5;0.2;32.5;0;0;1;2340;5;2334;22;12.514;18.317;1;0;0;0;1;1;0;0;1;1985;NA;NA;0.468;0.532;NA;NA;0;1;"0.70750000000000002";"0.29249999999999998";0.25;0.25;0.5;"Australia";1;0;17464;1807;0.923;36.831;1;0;0;0;0;0;0;0;0;1;0;0;0;1;1;0;0;0;0.298;19;1;0;10;"X"
203;12;"Miller et al. (2004)";7.6;0.2;38;0;0;1;2340;5;2334;22;12.514;18.317;1;0;0;0;1;1;0;0;1;1985;NA;NA;0.468;0.532;NA;NA;0;1;"0.70750000000000002";"0.29249999999999998";0.25;0.25;0.5;"Australia";1;0;17464;1807;0.923;36.831;0;0;0;0;0;1;1;0;0;1;0;0;0;1;1;0;0;0;0.298;19;1;0;10;"X"
204;12;"Miller et al. (2004)";2.5;0.5;5;0;0;1;602;5;596;22;12.514;18.317;1;0;0;0;1;1;0;0;1;1985;NA;NA;0.468;0.532;NA;NA;0;1;"0.75900000000000001";"0.24099999999999999";1;0;0;"Australia";1;0;17464;1807;0.923;36.831;1;0;0;0;0;0;0;0;0;1;0;0;0;1;1;0;0;0;0.298;19;1;0;10;"X"
205;12;"Miller et al. (2004)";4.5;0.9;5;0;0;1;602;5;596;22;12.514;18.317;1;0;0;0;1;1;0;0;1;1985;NA;NA;0.468;0.532;NA;NA;0;1;"0.75900000000000001";"0.24099999999999999";1;0;0;"Australia";1;0;17464;1807;0.923;36.831;0;0;0;0;0;1;1;0;0;1;0;0;0;1;1;0;0;0;0.298;19;1;0;10;"X"
206;12;"Miller et al. (2004)";4.5;0.5;9;0;0;1;568;5;562;22;12.695;16.643;1;0;0;0;1;1;0;0;1;1985;NA;NA;0.505;0.495;NA;NA;0;1;"0.72199999999999998";"0.27800000000000002";0;1;0;"Australia";1;0;17464;1807;0.923;35.338;1;0;0;0;0;0;0;0;0;1;0;0;0;1;1;0;0;0;0.298;19;1;0;10;"X"
207;12;"Miller et al. (2004)";7.4;0.9;8.22222222222222;0;0;1;568;5;562;22;12.695;16.643;1;0;0;0;1;1;0;0;1;1985;NA;NA;0.505;0.495;NA;NA;0;1;"0.72199999999999998";"0.27800000000000002";0;1;0;"Australia";1;0;17464;1807;0.923;35.338;0;0;0;0;0;1;1;0;0;1;0;0;0;1;1;0;0;0;0.298;19;1;0;10;"X"
208;12;"Miller et al. (2004)";4.2;0.9;4.66666666666667;0;0;1;602;5;596;22;12.514;18.317;1;0;0;0;1;1;0;0;1;1985;NA;NA;0.468;0.532;NA;NA;0;1;"0.75900000000000001";"0.24099999999999999";1;0;0;"Australia";1;0;17464;1807;0.923;36.831;1;0;0;0;0;0;0;0;0;1;0;0;0;1;1;0;0;0;0.298;19;1;0;10;"X"
209;12;"Miller et al. (2004)";1.5;0.6;2.5;0;0;1;602;5;596;22;12.514;18.317;1;0;0;0;1;1;0;0;1;1985;NA;NA;0.468;0.532;NA;NA;0;1;"0.75900000000000001";"0.24099999999999999";1;0;0;"Australia";1;0;17464;1807;0.923;36.831;1;0;0;0;0;0;0;0;0;1;0;0;0;1;1;0;0;0;0.298;19;1;0;10;"X"
210;12;"Miller et al. (2004)";3.7;0.7;5.28571428571429;0;0;1;568;5;562;22;12.695;16.643;1;0;0;0;1;1;0;0;1;1985;NA;NA;0.505;0.495;NA;NA;0;1;"0.72199999999999998";"0.27800000000000002";0;1;0;"Australia";1;0;17464;1807;0.923;35.338;1;0;0;0;0;0;0;0;0;1;0;0;0;1;1;0;0;0;0.298;19;1;0;10;"X"
211;12;"Miller et al. (2004)";5.1;0.7;7.28571428571429;0;0;1;568;5;562;22;12.695;16.643;1;0;0;0;1;1;0;0;1;1985;NA;NA;0.505;0.495;NA;NA;0;1;"0.72199999999999998";"0.27800000000000002";0;1;0;"Australia";1;0;17464;1807;0.923;35.338;1;0;0;0;0;0;0;0;0;1;0;0;0;1;1;0;0;0;0.298;19;1;0;10;"X"
212;12;"Miller et al. (2004)";6.3;1.4;4.5;0;0;1;602;5;596;22;12.514;18.317;1;0;0;0;1;1;0;0;1;1985;NA;NA;0.468;0.532;NA;NA;0;1;"0.75900000000000001";"0.24099999999999999";1;0;0;"Australia";1;0;17464;1807;0.923;36.831;0;0;0;0;0;1;1;0;0;1;0;0;0;1;1;0;0;0;0.298;19;1;0;10;"X"
213;12;"Miller et al. (2004)";3.2;1.2;2.66666666666667;0;0;1;602;5;596;22;12.514;18.317;1;0;0;0;1;1;0;0;1;1985;NA;NA;0.468;0.532;NA;NA;0;1;"0.75900000000000001";"0.24099999999999999";1;0;0;"Australia";1;0;17464;1807;0.923;36.831;0;0;0;0;0;1;1;0;0;1;0;0;0;1;1;0;0;0;0.298;19;1;0;10;"X"
214;12;"Miller et al. (2004)";6.9;1.1;6.27272727272727;0;0;1;568;5;562;22;12.695;16.643;1;0;0;0;1;1;0;0;1;1985;NA;NA;0.505;0.495;NA;NA;0;1;"0.72199999999999998";"0.27800000000000002";0;1;0;"Australia";1;0;17464;1807;0.923;35.338;0;0;0;0;0;1;1;0;0;1;0;0;0;1;1;0;0;0;0.298;19;1;0;10;"X"
215;12;"Miller et al. (2004)";7.6;1.2;6.33333333333333;0;0;1;568;5;562;22;12.695;16.643;1;0;0;0;1;1;0;0;1;1985;NA;NA;0.505;0.495;NA;NA;0;1;"0.72199999999999998";"0.27800000000000002";0;1;0;"Australia";1;0;17464;1807;0.923;35.338;0;0;0;0;0;1;1;0;0;1;0;0;0;1;1;0;0;0;0.298;19;1;0;10;"X"
216;12;"Miller et al. (2004)";4.8;1.2;4;0;0;1;602;5;596;22;12.514;18.317;1;0;0;0;1;1;0;0;1;1985;NA;NA;0.468;0.532;NA;NA;0;1;"0.75900000000000001";"0.24099999999999999";1;0;0;"Australia";1;0;17464;1807;0.923;36.831;1;0;0;0;0;0;0;0;0;1;0;0;0;1;1;0;0;0;0.298;19;1;0;10;"X"
217;12;"Miller et al. (2004)";1.5;0.8;1.875;0;0;1;602;5;596;22;12.514;18.317;1;0;0;0;1;1;0;0;1;1985;NA;NA;0.468;0.532;NA;NA;0;1;"0.75900000000000001";"0.24099999999999999";1;0;0;"Australia";1;0;17464;1807;0.923;36.831;1;0;0;0;0;0;0;0;0;1;0;0;0;1;1;0;0;0;0.298;19;1;0;10;"X"
218;12;"Miller et al. (2004)";3.7;0.9;4.11111111111111;0;0;1;568;5;562;22;12.695;16.643;1;0;0;0;1;1;0;0;1;1985;NA;NA;0.505;0.495;NA;NA;0;1;"0.72199999999999998";"0.27800000000000002";0;1;0;"Australia";1;0;17464;1807;0.923;35.338;1;0;0;0;0;0;0;0;0;1;0;0;0;1;1;0;0;0;0.298;19;1;0;10;"X"
219;12;"Miller et al. (2004)";5.7;0.8;7.125;0;0;1;568;5;562;22;12.695;16.643;1;0;0;0;1;1;0;0;1;1985;NA;NA;0.505;0.495;NA;NA;0;1;"0.72199999999999998";"0.27800000000000002";0;1;0;"Australia";1;0;17464;1807;0.923;35.338;1;0;0;0;0;0;0;0;0;1;0;0;0;1;1;0;0;0;0.298;19;1;0;10;"X"
220;12;"Miller et al. (2004)";7.8;2.4;3.25;0;0;1;602;5;596;22;12.514;18.317;1;0;0;0;1;1;0;0;1;1985;NA;NA;0.468;0.532;NA;NA;0;1;"0.75900000000000001";"0.24099999999999999";1;0;0;"Australia";1;0;17464;1807;0.923;36.831;0;0;0;0;0;1;1;0;0;1;0;0;0;1;1;0;0;0;0.298;19;1;0;10;"X"
221;12;"Miller et al. (2004)";3.1;1.5;2.06666666666667;0;0;1;602;5;596;22;12.514;18.317;1;0;0;0;1;1;0;0;1;1985;NA;NA;0.468;0.532;NA;NA;0;1;"0.75900000000000001";"0.24099999999999999";1;0;0;"Australia";1;0;17464;1807;0.923;36.831;0;0;0;0;0;1;1;0;0;1;0;0;0;1;1;0;0;0;0.298;19;1;0;10;"X"
222;12;"Miller et al. (2004)";7.6;1.5;5.06666666666667;0;0;1;568;5;562;22;12.695;16.643;1;0;0;0;1;1;0;0;1;1985;NA;NA;0.505;0.495;NA;NA;0;1;"0.72199999999999998";"0.27800000000000002";0;1;0;"Australia";1;0;17464;1807;0.923;35.338;0;0;0;0;0;1;1;0;0;1;0;0;0;1;1;0;0;0;0.298;19;1;0;10;"X"
223;12;"Miller et al. (2004)";7.7;1.4;5.5;0;0;1;568;5;562;22;12.695;16.643;1;0;0;0;1;1;0;0;1;1985;NA;NA;0.505;0.495;NA;NA;0;1;"0.72199999999999998";"0.27800000000000002";0;1;0;"Australia";1;0;17464;1807;0.923;35.338;0;0;0;0;0;1;1;0;0;1;0;0;0;1;1;0;0;0;0.298;19;1;0;10;"X"
224;13;"Isacsson (1999)";4.5;0.2;22.5;0;0;1;2214;6;2207;13;11.3;29.52;1;0;0;0;1;1;0;0;1;1990;NA;NA;0.54;0.46;"1";"0";1;0;"0.67";"0.32999999999999996";0.425;0.575;0;"Sweden";1;0;16476;1012;0.951;46.82;1;0;0;0;0;0;0;0;0;1;1;0;0;1;1;0;0;0;0.528;177;1;0;5;"X"
225;13;"Isacsson (1999)";4.6;0.1;46;0;0;1;4984;6;4977;13;11.54;26.56;1;0;0;0;1;1;0;0;1;1990;NA;NA;0.52;0.48;"1";"0";1;0;"0.66";"0.33999999999999997";1;0;0;"Sweden";1;0;16476;1012;0.951;44.1;1;0;0;0;0;0;0;0;0;1;1;0;0;1;1;0;0;0;0.528;177;1;0;5;"X"
226;13;"Isacsson (1999)";4.7;0.1;47;0;0;1;6736;6;6729;13;11.36;26.5;1;0;0;0;1;1;0;0;1;1990;NA;NA;0.58;0.42;"1";"0";1;0;"0.66";"0.33999999999999997";0;1;0;"Sweden";1;0;16476;1012;0.951;43.86;1;0;0;0;0;0;0;0;0;1;1;0;0;1;1;0;0;0;0.528;177;1;0;5;"X"
227;13;"Isacsson (1999)";2.2;0.2;11;0;0;1;4984;6;4977;13;11.54;26.56;1;0;0;0;1;1;0;0;1;1990;NA;NA;0.52;0.48;"1";"0";1;0;"0.66";"0.33999999999999997";1;0;0;"Sweden";1;0;16476;1012;0.951;44.1;0;0;1;0;0;0;0;0;0;1;1;0;0;1;1;0;0;0;0.528;177;1;0;5;"X"
228;13;"Isacsson (1999)";3.9;0.2;19.5;0;0;1;6736;6;6729;13;11.36;26.5;1;0;0;0;1;1;0;0;1;1990;NA;NA;0.58;0.42;"1";"0";1;0;"0.66";"0.33999999999999997";0;1;0;"Sweden";1;0;16476;1012;0.951;43.86;0;0;1;0;0;0;0;0;0;1;1;0;0;1;1;0;0;0;0.528;177;1;0;5;"X"
229;13;"Isacsson (1999)";2.7;0.3;9;0;0;1;4984;6;4977;13;11.54;26.56;1;0;0;0;1;1;0;0;1;1990;NA;NA;0.52;0.48;"1";"0";1;0;"0.66";"0.33999999999999997";1;0;0;"Sweden";1;0;16476;1012;0.951;44.1;0;0;1;0;0;0;0;0;0;1;1;0;0;1;1;0;0;0;0.528;177;1;0;5;"X"
230;13;"Isacsson (1999)";4.4;0.2;22;0;0;1;6736;6;6729;13;11.36;26.5;1;0;0;0;1;1;0;0;1;1990;NA;NA;0.58;0.42;"1";"0";1;0;"0.66";"0.33999999999999997";0;1;0;"Sweden";1;0;16476;1012;0.951;43.86;0;0;1;0;0;0;0;0;0;1;1;0;0;1;1;0;0;0;0.528;177;1;0;5;"X"
231;13;"Isacsson (1999)";3.7;0.4;9.25;0;0;1;4984;6;4977;13;11.54;26.56;1;0;0;0;1;1;0;0;1;1990;NA;NA;0.52;0.48;"1";"0";1;0;"0.66";"0.33999999999999997";1;0;0;"Sweden";1;0;16476;1012;0.951;44.1;0;0;1;0;0;0;0;0;0;1;1;0;0;1;1;0;0;0;0.528;177;1;0;5;"X"
232;13;"Isacsson (1999)";5;0.2;25;0;0;1;6736;6;6729;13;11.36;26.5;1;0;0;0;1;1;0;0;1;1990;NA;NA;0.58;0.42;"1";"0";1;0;"0.66";"0.33999999999999997";0;1;0;"Sweden";1;0;16476;1012;0.951;43.86;0;0;1;0;0;0;0;0;0;1;1;0;0;1;1;0;0;0;0.528;177;1;0;5;"X"
233;13;"Isacsson (1999)";4.2;0.5;8.4;0;0;1;4984;6;4977;13;11.54;26.56;1;0;0;0;1;1;0;0;1;1990;NA;NA;0.52;0.48;"1";"0";1;0;"0.66";"0.33999999999999997";1;0;0;"Sweden";1;0;16476;1012;0.951;44.1;0;0;1;0;0;0;0;0;0;1;1;0;0;1;1;0;0;0;0.528;177;1;0;5;"X"
234;13;"Isacsson (1999)";5.3;0.3;17.6666666666667;0;0;1;6736;6;6729;13;11.36;26.5;1;0;0;0;1;1;0;0;1;1990;NA;NA;0.58;0.42;"1";"0";1;0;"0.66";"0.33999999999999997";0;1;0;"Sweden";1;0;16476;1012;0.951;43.86;0;0;1;0;0;0;0;0;0;1;1;0;0;1;1;0;0;0;0.528;177;1;0;5;"X"
235;13;"Isacsson (1999)";6;0.7;8.57142857142857;0;0;1;4984;6;4977;13;11.54;26.56;1;0;0;0;1;1;0;0;1;1990;NA;NA;0.52;0.48;"1";"0";1;0;"0.66";"0.33999999999999997";1;0;0;"Sweden";1;0;16476;1012;0.951;44.1;0;0;1;0;0;0;0;0;0;1;1;0;0;1;1;0;0;0;0.528;177;1;0;5;"X"
236;13;"Isacsson (1999)";6;0.3;20;0;0;1;6736;6;6729;13;11.36;26.5;1;0;0;0;1;1;0;0;1;1990;NA;NA;0.58;0.42;"1";"0";1;0;"0.66";"0.33999999999999997";0;1;0;"Sweden";1;0;16476;1012;0.951;43.86;0;0;1;0;0;0;0;0;0;1;1;0;0;1;1;0;0;0;0.528;177;1;0;5;"X"
237;14;"Blanchflower & Elias (1999)";5.95;0.328911000552792;18.09;0;0;1;9614;7;9606;21;12.9;19.1;1;0;1;0;0;0;1;0;1;1981;"0.94299999999999995";"5.7000000000000002E-2";0.517;0.483;"0.96099999999999997";"3.9E-2";0;1;"0.48299999999999998";"0.51700000000000002";0.0044;0.0101999999999999;0.9854;"United States";1;0;19368;1730;0.919;38;1;0;0;0;0;0;0;0;0;0;0;0;0;1;0;1;0;0;0;17;0;1;5;"X"
238;14;"Blanchflower & Elias (1999)";4.96;0.340893470790378;14.55;0;0;1;9614;8;9605;21;12.9;19.1;1;0;1;0;0;0;1;0;1;1981;"0.94299999999999995";"5.7000000000000002E-2";0.517;0.483;"0.96099999999999997";"3.9E-2";0;1;"0.48299999999999998";"0.51700000000000002";0.0044;0.0101999999999999;0.9854;"United States";1;0;19368;1730;0.919;38;1;0;0;0;0;0;0;0;0;0;0;0;0;1;0;1;0;0;0;17;0;1;5;"X"
239;14;"Blanchflower & Elias (1999)";4.42;0.3536;12.5;0;0;1;9614;8;9605;21;12.9;19.1;1;0;1;0;0;0;1;0;1;1981;"0.94299999999999995";"5.7000000000000002E-2";0.517;0.483;"0.96099999999999997";"3.9E-2";0;1;"0.48299999999999998";"0.51700000000000002";0.0044;0.0101999999999999;0.9854;"United States";1;0;19368;1730;0.919;38;1;0;0;0;0;0;0;0;0;0;0;0;0;1;0;1;0;0;0;17;0;1;5;"X"
240;14;"Blanchflower & Elias (1999)";4.38;0.358135731807032;12.23;0;0;1;9614;8;9605;21;12.9;19.1;1;0;1;0;0;0;1;0;1;1981;"0.94299999999999995";"5.7000000000000002E-2";0.517;0.483;"0.96099999999999997";"3.9E-2";0;1;"0.48299999999999998";"0.51700000000000002";0.0044;0.0101999999999999;0.9854;"United States";1;0;19368;1730;0.919;38;1;0;0;0;0;0;0;0;0;0;0;0;0;1;0;1;0;0;0;17;0;1;5;"X"
241;14;"Blanchflower & Elias (1999)";3.97;0.361896080218779;10.97;0;0;1;9614;10;9603;21;12.9;19.1;1;0;1;0;0;0;1;0;1;1981;"0.94299999999999995";"5.7000000000000002E-2";0.517;0.483;"0.96099999999999997";"3.9E-2";0;1;"0.48299999999999998";"0.51700000000000002";0.0044;0.0101999999999999;0.9854;"United States";1;0;19368;1730;0.919;38;1;0;0;0;0;0;0;0;0;0;0;0;0;1;0;1;0;0;0;17;0;1;5;"X"
242;14;"Blanchflower & Elias (1999)";4.36;0.354471544715447;12.3;0;0;1;9614;7;9606;21;12.9;19.1;1;0;1;0;0;0;1;0;1;1981;"0.94299999999999995";"5.7000000000000002E-2";0.517;0.483;"0.96099999999999997";"3.9E-2";0;1;"0.48299999999999998";"0.51700000000000002";0.0044;0.0101999999999999;0.9854;"United States";1;0;19368;1730;0.919;38;0;0;0;0;0;1;0;0;1;0;0;0;0;1;0;1;0;0;0;17;0;1;5;"X"
243;14;"Blanchflower & Elias (1999)";4.89;0.341480446927374;14.32;0;0;1;9614;7;9606;21;12.9;19.1;1;0;1;0;0;0;1;0;1;1981;"0.94299999999999995";"5.7000000000000002E-2";0.517;0.483;"0.96099999999999997";"3.9E-2";0;1;"0.48299999999999998";"0.51700000000000002";0.0044;0.0101999999999999;0.9854;"United States";1;0;19368;1730;0.919;38;0;0;0;0;0;1;0;0;1;0;0;0;0;1;0;1;0;0;0;17;0;1;5;"X"
244;14;"Blanchflower & Elias (1999)";4.24;0.35421888053467;11.97;0;0;1;9614;7;9606;21;12.9;19.1;1;0;1;0;0;0;1;0;1;1981;"0.94299999999999995";"5.7000000000000002E-2";0.517;0.483;"0.96099999999999997";"3.9E-2";0;1;"0.48299999999999998";"0.51700000000000002";0.0044;0.0101999999999999;0.9854;"United States";1;0;19368;1730;0.919;38;0;0;0;0;0;1;0;0;1;0;0;0;0;1;0;1;0;0;0;17;0;1;5;"X"
245;14;"Blanchflower & Elias (1999)";11.35;2.2609561752988;5.02;0;0;1;206;7;198;21;12.9;19.1;1;0;1;0;0;0;1;0;1;1981;"0.96199999999999997";"3.7999999999999999E-2";0.514;0.486;"0.97899999999999998";"2.1000000000000001E-2";0;1;"0.47199999999999998";"0.52800000000000002";0.303;0.697;0;"United States";1;0;19368;1730;0.919;38;1;0;0;0;0;0;0;0;0;0;0;0;0;1;0;1;0;0;0;17;0;1;5;"X"
246;14;"Blanchflower & Elias (1999)";8.41;2.55623100303951;3.29;0;0;1;206;8;197;21;12.9;19.1;1;0;1;0;0;0;1;0;1;1981;"0.96199999999999997";"3.7999999999999999E-2";0.514;0.486;"0.97899999999999998";"2.1000000000000001E-2";0;1;"0.47199999999999998";"0.52800000000000002";0.303;0.697;0;"United States";1;0;19368;1730;0.919;38;0;0;0;0;0;1;0;0;1;0;0;0;0;1;0;1;0;0;0;17;0;1;5;"X"
247;14;"Blanchflower & Elias (1999)";9.51;2.48302872062663;3.83;0;0;1;206;8;197;21;12.9;19.1;1;0;1;0;0;0;1;0;1;1981;"0.96199999999999997";"3.7999999999999999E-2";0.514;0.486;"0.97899999999999998";"2.1000000000000001E-2";0;1;"0.47199999999999998";"0.52800000000000002";0.303;0.697;0;"United States";1;0;19368;1730;0.919;38;0;0;0;0;0;1;0;0;1;0;0;0;0;1;0;1;0;0;0;17;0;1;5;"X"
248;14;"Blanchflower & Elias (1999)";7.91;2.6722972972973;2.96;0;0;1;206;8;197;21;12.9;19.1;1;0;1;0;0;0;1;0;1;1981;"0.96199999999999997";"3.7999999999999999E-2";0.514;0.486;"0.97899999999999998";"2.1000000000000001E-2";0;1;"0.47199999999999998";"0.52800000000000002";0.303;0.697;0;"United States";1;0;19368;1730;0.919;38;0;0;0;0;0;1;0;0;1;0;0;0;0;1;0;1;0;0;0;17;0;1;5;"X"
249;14;"Blanchflower & Elias (1999)";8.22;2.64308681672026;3.11;0;0;1;197;8;188;21;12.9;19.1;1;0;1;0;0;0;1;0;1;1981;"0.96199999999999997";"3.7999999999999999E-2";0.514;0.486;"0.97899999999999998";"2.1000000000000001E-2";0;1;"0.47199999999999998";"0.52800000000000002";0.303;0.697;0;"United States";1;0;19368;1730;0.919;38;0;0;0;0;0;1;0;0;1;0;0;0;0;1;0;1;0;0;0;17;0;1;5;"X"
250;14;"Blanchflower & Elias (1999)";8.66;2.61631419939577;3.31;0;0;1;197;8;188;21;12.9;19.1;1;0;1;0;0;0;1;0;1;1981;"0.96199999999999997";"3.7999999999999999E-2";0.514;0.486;"0.97899999999999998";"2.1000000000000001E-2";0;1;"0.47199999999999998";"0.52800000000000002";0.303;0.697;0;"United States";1;0;19368;1730;0.919;38;0;0;0;0;0;1;0;0;1;0;0;0;0;1;0;1;0;0;0;17;0;1;5;"X"
251;14;"Blanchflower & Elias (1999)";7.77;2.67931034482759;2.9;0;0;1;197;8;188;21;12.9;19.1;1;0;1;0;0;0;1;0;1;1981;"0.96199999999999997";"3.7999999999999999E-2";0.514;0.486;"0.97899999999999998";"2.1000000000000001E-2";0;1;"0.47199999999999998";"0.52800000000000002";0.303;0.697;0;"United States";1;0;19368;1730;0.919;38;0;0;0;0;0;1;0;0;1;0;0;0;0;1;0;1;0;0;0;17;0;1;5;"X"
252;14;"Blanchflower & Elias (1999)";5.99;0.365021328458257;16.41;0;0;1;7855;8;7846;21;12.9;19.1;1;0;1;0;0;0;1;0;1;1981;"0.94299999999999995";"5.7000000000000002E-2";0.517;0.483;"0.96099999999999997";"3.9E-2";0;1;"0.48299999999999998";"0.51700000000000002";0.0044;0.0101999999999999;0.9854;"United States";1;0;19368;1730;0.919;38;1;0;0;0;0;0;0;0;0;0;0;0;0;1;0;1;0;0;0;17;0;1;5;"X"
253;14;"Blanchflower & Elias (1999)";8.97;0.637073863636364;14.08;0;0;1;7855;8;7846;21;12.9;19.1;1;0;1;0;0;0;1;0;1;1981;"0.94299999999999995";"5.7000000000000002E-2";0.517;0.483;"0.96099999999999997";"3.9E-2";0;1;"0.48299999999999998";"0.51700000000000002";0.0044;0.0101999999999999;0.9854;"United States";1;0;19368;1730;0.919;38;0;0;0;0;0;1;0;0;1;0;0;0;0;1;0;1;0;0;0;17;0;1;5;"X"
254;14;"Blanchflower & Elias (1999)";4.5;0.767918088737201;5.86;0;0;1;7855;9;7845;21;12.9;19.1;1;0;1;0;0;0;1;0;1;1981;"0.94299999999999995";"5.7000000000000002E-2";0.517;0.483;"0.96099999999999997";"3.9E-2";0;1;"0.48299999999999998";"0.51700000000000002";0.0044;0.0101999999999999;0.9854;"United States";1;0;19368;1730;0.919;38;0;0;0;0;0;1;0;0;1;0;0;0;0;1;0;1;0;0;0;17;0;1;5;"X"
255;14;"Blanchflower & Elias (1999)";7.13;0.682950191570881;10.44;0;0;1;7855;9;7845;21;12.9;19.1;1;0;1;0;0;0;1;0;1;1981;"0.94299999999999995";"5.7000000000000002E-2";0.517;0.483;"0.96099999999999997";"3.9E-2";0;1;"0.48299999999999998";"0.51700000000000002";0.0044;0.0101999999999999;0.9854;"United States";1;0;19368;1730;0.919;38;0;0;0;0;0;1;0;0;1;0;0;0;0;1;0;1;0;0;0;17;0;1;5;"X"
256;14;"Blanchflower & Elias (1999)";7.13;0.649954421148587;10.97;0;0;1;7855;9;7845;21;12.9;19.1;1;0;1;0;0;0;1;0;1;1981;"0.94299999999999995";"5.7000000000000002E-2";0.517;0.483;"0.96099999999999997";"3.9E-2";0;1;"0.48299999999999998";"0.51700000000000002";0.0044;0.0101999999999999;0.9854;"United States";1;0;19368;1730;0.919;38;0;0;0;0;0;1;0;0;1;0;0;0;0;1;0;1;0;0;0;17;0;1;5;"X"
257;14;"Blanchflower & Elias (1999)";5.25;0.75;7;0;0;1;7855;9;7845;21;12.9;19.1;1;0;1;0;0;0;1;0;1;1981;"0.94299999999999995";"5.7000000000000002E-2";0.517;0.483;"0.96099999999999997";"3.9E-2";0;1;"0.48299999999999998";"0.51700000000000002";0.0044;0.0101999999999999;0.9854;"United States";1;0;19368;1730;0.919;38;0;0;0;0;0;1;0;0;1;0;0;0;0;1;0;1;0;0;0;17;0;1;5;"X"
258;15;"Bingley et al. (2009)";2.98;0.05;59.6;0;0;1;8740;4;8735;16;12.62;19.75;1;0;0;0;1;0;1;0;1;1991;"1";"0";0.6;0.4;"1";"0";1;0;"1";"0";1;0;0;"Denmark";1;0;19392;856;0.969;38.37;1;0;0;0;0;0;0;0;0;1;1;0;0;0;0;0;1;0;0;8;0;1;15;"X"
259;15;"Bingley et al. (2009)";3.31;0.04;82.75;0;0;1;14136;4;14131;16;12.41;20.93;1;0;0;0;1;0;1;0;1;1991;"1";"0";0.6;0.4;"1";"0";1;0;"1";"0";0;1;0;"Denmark";1;0;19392;856;0.969;39.34;1;0;0;0;0;0;0;0;0;1;1;0;0;0;0;0;1;0;0;8;0;1;15;"X"
260;15;"Bingley et al. (2009)";3.73;0.06;62.1666666666667;0;0;1;8000;4;7995;16;12.5;19.19;1;0;0;0;1;0;1;0;1;1991;"1";"0";0.6;0.4;"1";"0";1;0;"1";"0";1;0;0;"Denmark";1;0;19392;856;0.969;37.69;1;0;0;0;0;0;0;0;0;1;1;0;0;0;0;0;1;0;0;8;0;1;15;"X"
261;15;"Bingley et al. (2009)";3.7;0.05;74;0;0;1;11236;4;11231;16;12.16;20.69;1;0;0;0;1;0;1;0;1;1991;"1";"0";0.6;0.4;"1";"0";1;0;"1";"0";0;1;0;"Denmark";1;0;19392;856;0.969;38.85;1;0;0;0;0;0;0;0;0;1;1;0;0;0;0;0;1;0;0;8;0;1;15;"X"
262;15;"Bingley et al. (2009)";3.17;0.03;105.666666666667;0;0;1;22876;4;22871;16;12.49;20.48;1;0;0;0;1;0;1;0;1;1991;"1";"0";0.6;0.4;"1";"0";1;0;"1";"0";0.6179;0.3821;0;"Denmark";1;0;19392;856;0.969;38.97;1;0;0;0;0;0;0;0;0;1;1;0;0;0;0;0;1;0;0;8;0;1;15;"X"
263;15;"Bingley et al. (2009)";3.73;0.03;124.333333333333;0;0;1;19236;4;19231;16;12.3;20.08;1;0;0;0;1;0;1;0;1;1991;"1";"0";0.6;0.4;"1";"0";1;0;"1";"0";0.5841;0.4159;0;"Denmark";1;0;19392;856;0.969;38.38;1;0;0;0;0;0;0;0;0;1;1;0;0;0;0;0;1;0;0;8;0;1;15;"X"
264;15;"Bingley et al. (2009)";6.52;0.11;59.2727272727273;0;0;1;22876;4;22871;16;12.49;20.48;1;0;0;0;1;0;1;0;1;1991;"1";"0";0.6;0.4;"1";"0";1;0;"1";"0";0.6179;0.3821;0;"Denmark";1;0;19392;856;0.969;38.97;0;0;0;0;0;1;1;0;0;1;1;0;0;0;0;0;1;0;0;8;0;1;15;"X"
265;15;"Bingley et al. (2009)";5.42;0.14;38.7142857142857;0;0;1;19236;4;19231;16;12.3;20.08;1;0;0;0;1;0;1;0;1;1991;"1";"0";0.6;0.4;"1";"0";1;0;"1";"0";0.5841;0.4159;0;"Denmark";1;0;19392;856;0.969;38.38;0;0;0;0;0;1;1;0;0;1;1;0;0;0;0;0;1;0;0;8;0;1;15;"X"
266;15;"Bingley et al. (2009)";4.9;0.09;54.4444444444444;0;0;1;8740;4;8735;16;12.62;19.75;1;0;0;0;1;0;1;0;1;1991;"1";"0";0.6;0.4;"1";"0";1;0;"1";"0";1;0;0;"Denmark";1;0;19392;856;0.969;38.37;1;0;0;0;0;0;0;0;0;1;1;0;0;0;0;0;1;0;0;8;0;1;15;"X"
267;15;"Bingley et al. (2009)";1.83;0.07;26.1428571428571;0;0;1;14136;4;14131;16;12.41;20.93;1;0;0;0;1;0;1;0;1;1991;"1";"0";0.6;0.4;"1";"0";1;0;"1";"0";0;1;0;"Denmark";1;0;19392;856;0.969;39.34;1;0;0;0;0;0;0;0;0;1;1;0;0;0;0;0;1;0;0;8;0;1;15;"X"
268;15;"Bingley et al. (2009)";0.93;0.12;7.75;0;0;1;8000;4;7995;16;12.5;19.19;1;0;0;0;1;0;1;0;1;1991;"1";"0";0.6;0.4;"1";"0";1;0;"1";"0";1;0;0;"Denmark";1;0;19392;856;0.969;37.69;1;0;0;0;0;0;0;0;0;1;1;0;0;0;0;0;1;0;0;8;0;1;15;"X"
269;15;"Bingley et al. (2009)";2.5;0.09;27.7777777777778;0;0;1;11236;4;11231;16;12.16;20.69;1;0;0;0;1;0;1;0;1;1991;"1";"0";0.6;0.4;"1";"0";1;0;"1";"0";0;1;0;"Denmark";1;0;19392;856;0.969;38.85;1;0;0;0;0;0;0;0;0;1;1;0;0;0;0;0;1;0;0;8;0;1;15;"X"
270;15;"Bingley et al. (2009)";4.51;0.99;4.55555555555556;0;0;1;8740;4;8735;16;12.62;19.75;1;0;0;0;1;0;1;0;1;1991;"1";"0";0.6;0.4;"1";"0";1;0;"1";"0";1;0;0;"Denmark";1;0;19392;856;0.969;38.37;0;0;0;0;0;1;1;0;0;1;1;0;0;0;0;0;1;0;0;8;0;1;15;"X"
271;15;"Bingley et al. (2009)";9.46;0.63;15.015873015873;0;0;1;14136;4;14131;16;12.41;20.93;1;0;0;0;1;0;1;0;1;1991;"1";"0";0.6;0.4;"1";"0";1;0;"1";"0";0;1;0;"Denmark";1;0;19392;856;0.969;39.34;0;0;0;0;0;1;1;0;0;1;1;0;0;0;0;0;1;0;0;8;0;1;15;"X"
272;15;"Bingley et al. (2009)";4.41;0.83;5.31325301204819;0;0;1;8000;4;7995;16;12.5;19.19;1;0;0;0;1;0;1;0;1;1991;"1";"0";0.6;0.4;"1";"0";1;0;"1";"0";1;0;0;"Denmark";1;0;19392;856;0.969;37.69;0;0;0;0;0;1;1;0;0;1;1;0;0;0;0;0;1;0;0;8;0;1;15;"X"
273;15;"Bingley et al. (2009)";5.35;0.61;8.77049180327869;0;0;1;11236;4;11231;16;12.16;20.69;1;0;0;0;1;0;1;0;1;1991;"1";"0";0.6;0.4;"1";"0";1;0;"1";"0";0;1;0;"Denmark";1;0;19392;856;0.969;38.85;0;0;0;0;0;1;1;0;0;1;1;0;0;0;0;0;1;0;0;8;0;1;15;"X"
274;16;"Isacsson (2004)";5.2;0.3;17.3333333333333;0;0;1;1964;4;1959;20;11.3;28.4;1;0;0;0;1;1;0;0;1;1990;NA;NA;0.524;0.476;"1";"0";1;0;NA;NA;0;0;1;"Sweden";1;0;16476;1012;0.951;45.7;1;0;0;0;0;0;0;0;0;1;1;0;0;1;0;0;0;0;0.964;85;1;0;10;"X"
275;16;"Isacsson (2004)";5.3;0.2;26.5;0;0;1;1964;4;1959;20;11.3;28.4;1;0;0;0;1;1;0;0;1;1990;NA;NA;0.524;0.476;"1";"0";1;0;NA;NA;0;0;1;"Sweden";1;0;16476;1012;0.951;45.7;1;0;0;0;0;0;0;0;0;1;1;0;0;1;0;0;0;0;0.964;85;1;0;10;"X"
276;16;"Isacsson (2004)";5.2;0.4;13;0;0;1;1964;4;1959;20;11.3;28.4;1;0;0;0;1;1;0;0;1;1990;NA;NA;0.524;0.476;"1";"0";1;0;NA;NA;0;0;1;"Sweden";1;0;16476;1012;0.951;45.7;1;0;0;0;0;0;0;0;0;1;1;0;0;1;0;0;0;0;0.964;85;1;0;10;"X"
277;16;"Isacsson (2004)";6.1;0.3;20.3333333333333;0;0;1;1964;4;1959;20;11.3;28.4;1;0;0;0;1;1;0;0;1;1990;NA;NA;0.524;0.476;"1";"0";1;0;NA;NA;0;0;1;"Sweden";1;0;16476;1012;0.951;45.7;1;0;0;0;0;0;0;0;0;1;1;0;0;1;0;0;0;0;0.964;85;1;0;10;"X"
278;16;"Isacsson (2004)";5.2;0.2;26;0;0;1;5218;4;5213;20;11.3;26.7;1;0;0;0;1;0;1;0;1;1990;NA;NA;0.44;0.56;"1";"0";1;0;NA;NA;1;0;0;"Sweden";1;0;16476;1012;0.951;44;1;0;0;0;0;0;0;0;0;1;1;0;0;1;0;0;0;0;0.964;85;1;0;10;"X"
279;16;"Isacsson (2004)";5.2;0.1;52;0;0;1;5218;4;5213;20;11.3;26.7;1;0;0;0;1;0;1;0;1;1990;NA;NA;0.44;0.56;"1";"0";1;0;NA;NA;1;0;0;"Sweden";1;0;16476;1012;0.951;44;1;0;0;0;0;0;0;0;0;1;1;0;0;1;0;0;0;0;0.964;85;1;0;10;"X"
280;16;"Isacsson (2004)";5.2;0.3;17.3333333333333;0;0;1;5218;4;5213;20;11.3;26.7;1;0;0;0;1;0;1;0;1;1990;NA;NA;0.44;0.56;"1";"0";1;0;NA;NA;1;0;0;"Sweden";1;0;16476;1012;0.951;44;1;0;0;0;0;0;0;0;0;1;1;0;0;1;0;0;0;0;0.964;85;1;0;10;"X"
281;16;"Isacsson (2004)";6;0.1;60;0;0;1;5218;4;5213;20;11.3;26.7;1;0;0;0;1;0;1;0;1;1990;NA;NA;0.44;0.56;"1";"0";1;0;NA;NA;1;0;0;"Sweden";1;0;16476;1012;0.951;44;1;0;0;0;0;0;0;0;0;1;1;0;0;1;0;0;0;0;0.964;85;1;0;10;"X"
282;16;"Isacsson (2004)";2;0.3;6.66666666666667;0;0;1;2609;4;2604;20;11.3;26.7;1;0;0;0;1;0;1;0;1;1990;NA;NA;0.44;0.56;"1";"0";1;0;NA;NA;1;0;0;"Sweden";1;0;16476;1012;0.951;44;0;0;1;0;0;0;0;0;0;1;1;0;0;1;0;0;0;0;0.964;85;1;0;10;"X"
283;16;"Isacsson (2004)";2;0.3;6.66666666666667;0;0;1;2609;4;2604;20;11.3;26.7;1;0;0;0;1;0;1;0;1;1990;NA;NA;0.44;0.56;"1";"0";1;0;NA;NA;1;0;0;"Sweden";1;0;16476;1012;0.951;44;0;0;1;0;0;0;0;0;0;1;1;0;0;1;0;0;0;0;0.964;85;1;0;10;"X"
284;16;"Isacsson (2004)";3.1;0.5;6.2;0;0;1;2609;4;2604;20;11.3;26.7;1;0;0;0;1;0;1;0;1;1990;NA;NA;0.44;0.56;"1";"0";1;0;NA;NA;1;0;0;"Sweden";1;0;16476;1012;0.951;44;0;0;1;0;0;0;0;0;0;1;1;0;0;1;0;0;0;0;0.964;85;1;0;10;"X"
285;16;"Isacsson (2004)";4;0.5;8;0;0;1;2609;4;2604;20;11.3;26.7;1;0;0;0;1;0;1;0;1;1990;NA;NA;0.44;0.56;"1";"0";1;0;NA;NA;1;0;0;"Sweden";1;0;16476;1012;0.951;44;0;0;1;0;0;0;0;0;0;1;1;0;0;1;0;0;0;0;0.964;85;1;0;10;"X"
286;16;"Isacsson (2004)";5.4;0.2;27;0;0;1;7202;4;7197;20;11.3;26.4;1;0;0;0;1;0;1;0;1;1990;NA;NA;0.437;0.563;"1";"0";1;0;NA;NA;0;1;0;"Sweden";1;0;16476;1012;0.951;43.7;1;0;0;0;0;0;0;0;0;1;1;0;0;1;0;0;0;0;0.964;85;1;0;10;"X"
287;16;"Isacsson (2004)";5.4;0.1;54;0;0;1;7202;4;7197;20;11.3;26.4;1;0;0;0;1;0;1;0;1;1990;NA;NA;0.437;0.563;"1";"0";1;0;NA;NA;0;1;0;"Sweden";1;0;16476;1012;0.951;43.7;1;0;0;0;0;0;0;0;0;1;1;0;0;1;0;0;0;0;0.964;85;1;0;10;"X"
288;16;"Isacsson (2004)";5.4;0.3;18;0;0;1;7202;4;7197;20;11.3;26.4;1;0;0;0;1;0;1;0;1;1990;NA;NA;0.437;0.563;"1";"0";1;0;NA;NA;0;1;0;"Sweden";1;0;16476;1012;0.951;43.7;1;0;0;0;0;0;0;0;0;1;1;0;0;1;0;0;0;0;0.964;85;1;0;10;"X"
289;16;"Isacsson (2004)";6.2;0.1;62;0;0;1;7202;4;7197;20;11.3;26.4;1;0;0;0;1;0;1;0;1;1990;NA;NA;0.437;0.563;"1";"0";1;0;NA;NA;0;1;0;"Sweden";1;0;16476;1012;0.951;43.7;1;0;0;0;0;0;0;0;0;1;1;0;0;1;0;0;0;0;0.964;85;1;0;10;"X"
290;16;"Isacsson (2004)";4.5;0.3;15;0;0;1;3601;4;3596;20;11.3;26.4;1;0;0;0;1;0;1;0;1;1990;NA;NA;0.437;0.563;"1";"0";1;0;NA;NA;0;1;0;"Sweden";1;0;16476;1012;0.951;43.7;0;0;1;0;0;0;0;0;0;1;1;0;0;1;0;0;0;0;0.964;85;1;0;10;"X"
291;16;"Isacsson (2004)";4.5;0.2;22.5;0;0;1;3601;4;3596;20;11.3;26.4;1;0;0;0;1;0;1;0;1;1990;NA;NA;0.437;0.563;"1";"0";1;0;NA;NA;0;1;0;"Sweden";1;0;16476;1012;0.951;43.7;0;0;1;0;0;0;0;0;0;1;1;0;0;1;0;0;0;0;0.964;85;1;0;10;"X"
292;16;"Isacsson (2004)";5.2;0.4;13;0;0;1;3601;4;3596;20;11.3;26.4;1;0;0;0;1;0;1;0;1;1990;NA;NA;0.437;0.563;"1";"0";1;0;NA;NA;0;1;0;"Sweden";1;0;16476;1012;0.951;43.7;0;0;1;0;0;0;0;0;0;1;1;0;0;1;0;0;0;0;0.964;85;1;0;10;"X"
293;16;"Isacsson (2004)";6.2;0.3;20.6666666666667;0;0;1;3601;4;3596;20;11.3;26.4;1;0;0;0;1;0;1;0;1;1990;NA;NA;0.437;0.563;"1";"0";1;0;NA;NA;0;1;0;"Sweden";1;0;16476;1012;0.951;43.7;0;0;1;0;0;0;0;0;0;1;1;0;0;1;0;0;0;0;0.964;85;1;0;10;"X"
